<?xml version="1.0" encoding="utf-8"?><asx:abap version="1.0" xmlns:asx="http://www.sap.com/abapxml"><asx:values><SERVICE><ROOT><CLIENT>171</CLIENT><NODE_ID>ABY+dKdcHtmGyPW/GHCzUQ==</NODE_ID><NAME/><SERVICE_NAME>byd_product</SERVICE_NAME><SERVICE_NAMESPACE>cust</SERVICE_NAMESPACE><SRVC_NAMESPACE_ALIAS/><DATA_PROVIDER_CLASS/><MODEL_PROVIDER_CLASS/><EXIT_CLASS/><CREATION_DATE_TIME>20190117110437.84291</CREATION_DATE_TIME><CREATION_IDENTITY_UUID>ABY+DiWqHuiSjAn/QVqIhA==</CREATION_IDENTITY_UUID><LAST_CHANGE_DATE_TIME>20190117110813.622057</LAST_CHANGE_DATE_TIME><LAST_CHANGE_IDENTITY_UUID>ABY+DiWqHuiSjAn/QVqIhA==</LAST_CHANGE_IDENTITY_UUID><PACKAGE_NAME/><IS_EXTENSION/><IS_DRAFT/><STATUS_LIFE_CYCLE_STAT>1</STATUS_LIFE_CYCLE_STAT><IMPL_VERSION_CODE>V2</IMPL_VERSION_CODE><START_UI_APPLICATION_ID>/SAP_BYD_APPLICATION_UI/mdm/pmm/materialOWL.OWL.uicomponent</START_UI_APPLICATION_ID><CODE_DESCRIPTION_ENABLED>X</CODE_DESCRIPTION_ENABLED><SERVICE_DATA_BINARY_MIME_CODE/><CHARACTER_SET_CODE/><SERVICE_DATA_BINARY_FORMAT/><SERVICE_DATA_BINARY_FILE_NAME/><SERVICE_DATA_BINARY_URI/><SERVICE_DATA_BINARY/><START_UI_APPLICATION_WOC_NAME/><START_UI_APPLN_WOC_VIEW_NAME>PMM_MATERIALS</START_UI_APPLN_WOC_VIEW_NAME><SERVICE_DOCUMENTATION_URL/><NO_AUTH_CHECK/><KEY_MAPPING_ENABLED/><PDI_SOLUTION_NAMESPACE/><IS_PDI_SOL_INACTIVE/><XODATA_NAME/><SAP_RELEASE>784</SAP_RELEASE><SAP_SUPP_PACKAGE>4</SAP_SUPP_PACKAGE></ROOT><ENTITIES><ODATA_EXTENSION_DEF_EN_001><CLIENT>171</CLIENT><NODE_ID>ABY+dKdcHtmGyPuPhfsTUw==</NODE_ID><PARENT_NODE_ID>ABY+dKdcHtmGyPW/GHCzUQ==</PARENT_NODE_ID><MO_NAME/><REF_UUID_KEY_UUID/><REF_UUID_KEY_VERSION_ID>0000000000</REF_UUID_KEY_VERSION_ID><ORDINAL_NUMBER>1</ORDINAL_NUMBER><NAME>Material</NAME><SADL_XML>&lt;?xml version="1.0" encoding="utf-16"?&gt;&lt;sadl:definition xmlns:sadl="http://sap.com/sap.nw.f.sadl" &gt; &lt;sadl:modes&gt; &lt;sadl:mode type="UI" /&gt; &lt;/sadl:modes&gt; &lt;sadl:dataSource type="BusinessObjectNode" name="DS" binding="PDM_MATERIAL~ROOT" /&gt;&lt;sadl:resultSet&gt;&lt;sadl:structure name="ROOT" dataSource="DS" maxEditMode="RO" type="QUERY_ONLY" &gt; &lt;sadl:query name="SADL_QUERY" &gt; &lt;sadl:inputStructure&gt; &lt;sadl:inputParameter name="INTERNAL_ID_CONTENT" &gt; &lt;sadl:attribute binding="INTERNAL_ID_CONTENT" /&gt; &lt;/sadl:inputParameter&gt; &lt;sadl:inputParameter name="OBJECTID" &gt; &lt;sadl:attribute binding="OBJECTID" /&gt; &lt;/sadl:inputParameter&gt; &lt;sadl:inputParameter name="UUID_CONTENT" &gt; &lt;sadl:attribute binding="UUID_CONTENT" /&gt; &lt;/sadl:inputParameter&gt; &lt;sadl:inputParameter name="BASE_MEASURE_UNIT_CODE" &gt; &lt;sadl:attribute binding="BASE_MEASURE_UNIT_CODE" /&gt; &lt;/sadl:inputParameter&gt; &lt;sadl:inputParameter name="OBJECTID2" &gt; &lt;sadl:attribute binding="OBJECTID2" /&gt; &lt;/sadl:inputParameter&gt; &lt;sadl:inputParameter name="DESCRIPTION_CONTENT" &gt; &lt;sadl:attribute binding="DESCRIPTION_CONTENT" /&gt; &lt;/sadl:inputParameter&gt; &lt;sadl:inputParameter name="DESCRIPTION_LANGUAGE_CODE" &gt; &lt;sadl:attribute binding="DESCRIPTION_LANGUAGE_CODE" /&gt; &lt;/sadl:inputParameter&gt; &lt;sadl:inputParameter name="OBJECTID1" &gt; &lt;sadl:attribute binding="OBJECTID1" /&gt; &lt;/sadl:inputParameter&gt; &lt;sadl:inputParameter name="FIND" type="SEARCH_TEXT"  &gt; &lt;sadl:attribute binding="INTERNAL_ID_CONTENT" /&gt; &lt;sadl:attribute binding="DESCRIPTION_CONTENT" /&gt; &lt;/sadl:inputParameter&gt; &lt;/sadl:inputStructure&gt; &lt;/sadl:query&gt; &lt;sadl:attribute name="BASE_MEASURE_UNIT_CODE" binding="ass:COMMON/BASE_MEASURE_UNIT_CODE" /&gt; &lt;sadl:attribute name="DESCRIPTION_CONTENT" binding="ass:DESCRIPTION[LANGUAGE_CODE = SY-LANGU]/DESCRIPTION-CONTENT" /&gt; &lt;sadl:attribute name="DESCRIPTION_LANGUAGE_CODE" binding="ass:DESCRIPTION[LANGUAGE_CODE = SY-LANGU]/DESCRIPTION-LANGUAGE_CODE" /&gt; &lt;sadl:attribute name="INTERNAL_ID_CONTENT" binding="INTERNAL_ID-CONTENT" /&gt; &lt;sadl:attribute name="OBJECTID" binding="NODE_ID" /&gt; &lt;sadl:attribute name="OBJECTID1" binding="ass:DESCRIPTION[LANGUAGE_CODE = SY-LANGU]/NODE_ID" /&gt; &lt;sadl:attribute name="OBJECTID2" binding="ass:COMMON/NODE_ID" /&gt; &lt;sadl:attribute name="UUID_CONTENT" binding="UUID-CONTENT" /&gt;&lt;/sadl:structure&gt;&lt;/sadl:resultSet&gt;&lt;/sadl:definition&gt;</SADL_XML><LEADING_BO_NAME>PDM_MATERIAL</LEADING_BO_NAME><SADL_LAST_CHANGE_DATE_TIME>20190206073913.365535</SADL_LAST_CHANGE_DATE_TIME><ENTRY_TITLE_PROPERTY_BINDING/><CORE_ENT_LAST_CHANGE_DATE_TIME>0.0</CORE_ENT_LAST_CHANGE_DATE_TIME><LEADING_BO_NODE_NAME>ROOT</LEADING_BO_NODE_NAME><ENTRY_AUTHOR_PROPERTY_BINDING/><ENTRY_CRE_AT_PROPERTY_BINDING/><ENTRY_UPD_AT_PROPERTY_BINDING/><IS_CREATABLE>X</IS_CREATABLE><IS_UPDATABLE>X</IS_UPDATABLE><IS_DELETABLE>X</IS_DELETABLE><DEFAULT_ENTITY_SET_NAME>MaterialCollection</DEFAULT_ENTITY_SET_NAME><RBAM_UI_APPLICATION_ID/><LAST_CHANGE_DATE_TIME>0.0</LAST_CHANGE_DATE_TIME><DO_PREFIX/><PREDECESSOR_ENTITY_UUID/><START_UI_APPLICATION_WOC_NAME/><START_UI_APPLN_WOC_VIEW_NAME/><IS_CODELIST_ENTITY_TYPE/><UI_TEXT_KEY_NAME>PDM_MATERIAL</UI_TEXT_KEY_NAME><UI_TEXT_KEY_VERSION_ID>0000000000</UI_TEXT_KEY_VERSION_ID><UITXT_REDEF_IND/></ODATA_EXTENSION_DEF_EN_001><ODATA_EXTENSION_DEF_EN_001><CLIENT>171</CLIENT><NODE_ID>ABY+dKdcHtmGyP54Q2ZTVQ==</NODE_ID><PARENT_NODE_ID>ABY+dKdcHtmGyPW/GHCzUQ==</PARENT_NODE_ID><MO_NAME/><REF_UUID_KEY_UUID/><REF_UUID_KEY_VERSION_ID>0000000000</REF_UUID_KEY_VERSION_ID><ORDINAL_NUMBER>990</ORDINAL_NUMBER><NAME>CodeList</NAME><SADL_XML>&lt;?xml version="1.0" encoding="utf-16"?&gt;&lt;sadl:definition xmlns:sadl="http://sap.com/sap.nw.f.sadl" &gt; &lt;sadl:modes&gt; &lt;sadl:mode type="UI" /&gt; &lt;/sadl:modes&gt; &lt;sadl:dataSource type="BusinessObjectNode" name="DS" binding="~" /&gt;&lt;sadl:resultSet&gt;&lt;sadl:structure name="ROOT" dataSource="DS" maxEditMode="RO" type="QUERY_ONLY" &gt; &lt;sadl:query name="SADL_QUERY" &gt; &lt;/sadl:query&gt;&lt;/sadl:structure&gt;&lt;/sadl:resultSet&gt;&lt;/sadl:definition&gt;</SADL_XML><LEADING_BO_NAME/><SADL_LAST_CHANGE_DATE_TIME>20190206073913.378388</SADL_LAST_CHANGE_DATE_TIME><ENTRY_TITLE_PROPERTY_BINDING/><CORE_ENT_LAST_CHANGE_DATE_TIME>0.0</CORE_ENT_LAST_CHANGE_DATE_TIME><LEADING_BO_NODE_NAME/><ENTRY_AUTHOR_PROPERTY_BINDING/><ENTRY_CRE_AT_PROPERTY_BINDING/><ENTRY_UPD_AT_PROPERTY_BINDING/><IS_CREATABLE/><IS_UPDATABLE/><IS_DELETABLE/><DEFAULT_ENTITY_SET_NAME/><RBAM_UI_APPLICATION_ID/><LAST_CHANGE_DATE_TIME>0.0</LAST_CHANGE_DATE_TIME><DO_PREFIX/><PREDECESSOR_ENTITY_UUID/><START_UI_APPLICATION_WOC_NAME/><START_UI_APPLN_WOC_VIEW_NAME/><IS_CODELIST_ENTITY_TYPE>X</IS_CODELIST_ENTITY_TYPE><UI_TEXT_KEY_NAME/><UI_TEXT_KEY_VERSION_ID>0000000000</UI_TEXT_KEY_VERSION_ID><UITXT_REDEF_IND/></ODATA_EXTENSION_DEF_EN_001></ENTITIES><PROPERTIES><ODATA_EXTENSION_DEF_PR_001><CLIENT>171</CLIENT><NODE_ID>ABY+dKdcHtmGyPyCwPZzUw==</NODE_ID><PARENT_NODE_ID>ABY+dKdcHtmGyPuPhfsTUw==</PARENT_NODE_ID><ROOT_NODE_ID>ABY+dKdcHtmGyPW/GHCzUQ==</ROOT_NODE_ID><MO_NAME/><ORDINAL_NUMBER>12</ORDINAL_NUMBER><NAME>InternalID</NAME><DATA_TYPE>String</DATA_TYPE><IS_COMPLEX/><ABAP_DT_NAME>INTERNAL_ID_CONTENT</ABAP_DT_NAME><BO_PATH>INTERNAL_ID-CONTENT</BO_PATH><COMPLEX_TYPE_UUID/><IS_CODE_TYPE/><IS_CREATABLE>X</IS_CREATABLE><IS_UPDATABLE>X</IS_UPDATABLE><IS_NULLABLE>X</IS_NULLABLE><IS_FILTERABLE>X</IS_FILTERABLE><HAS_FIXED_LENGTH>X</HAS_FIXED_LENGTH><MAX_LENGTH>40</MAX_LENGTH><PRECISION_VALUE>40</PRECISION_VALUE><SCALE>0</SCALE><DEFAULT_VALUE/><IS_HIDDEN_IN_EDM/><BO_PATH_WITH_FILTER/><IS_ALPHA_CONV_ALLOWED>X</IS_ALPHA_CONV_ALLOWED><IS_LANGU_CODE/><CODELIST_ENTITY_SET_UUID/><IS_EXTENSION_FIELD/><IS_FREE_SEARCH_ENABLED>X</IS_FREE_SEARCH_ENABLED><IS_TRASIENT/><IS_INTERNAL/><IS_EXTERNAL/><LOCAL_ID_TYPE/><IS_PARENT_EXTERNAL_KEY/><IS_REF_EXTERNAL_KEY/><USE_EXTERNAL_INFO/><REF_EXT_KEY_UUID_KEY/><EXTERNAL_KEY_LEVEL_CODE/><EXCLUDE_FROM_SADL/><SAM_STATUS_VARIABLE_UUID/><UI_TEXT_KEY_NAME>PDM_PRODUCT_ID</UI_TEXT_KEY_NAME><UI_TEXT_KEY_VERSION_ID>0000000000</UI_TEXT_KEY_VERSION_ID><UITXT_REDEF_IND/><CONCURRENCY_MODE/><INTERNAL_KEY_LEVEL_CODE/><CONTEXT_PROPERTY_UUID_UUID/><VERSION_ID>0000000000</VERSION_ID><IS_DATE_TYPE/><IS_ETAG_RELEVANT/><BO_NAME>PDM_MATERIAL</BO_NAME><BO_NODE_NAME>ROOT</BO_NODE_NAME><BO_NODE_ELEMENT_PATH>INTERNAL_ID-CONTENT</BO_NODE_ELEMENT_PATH><DO_PREFIX/><IS_DWB_PROP/><IS_MULTI_VALUED/><ENCRYPTED_MAX_LENGTH>0</ENCRYPTED_MAX_LENGTH></ODATA_EXTENSION_DEF_PR_001><ODATA_EXTENSION_DEF_PR_001><CLIENT>171</CLIENT><NODE_ID>ABY+dKdcHtmGyPuPhfszUw==</NODE_ID><PARENT_NODE_ID>ABY+dKdcHtmGyPuPhfsTUw==</PARENT_NODE_ID><ROOT_NODE_ID>ABY+dKdcHtmGyPW/GHCzUQ==</ROOT_NODE_ID><MO_NAME/><ORDINAL_NUMBER>1</ORDINAL_NUMBER><NAME>ObjectID</NAME><DATA_TYPE>String</DATA_TYPE><IS_COMPLEX/><ABAP_DT_NAME>OBJECTID</ABAP_DT_NAME><BO_PATH>NODE_ID</BO_PATH><COMPLEX_TYPE_UUID/><IS_CODE_TYPE/><IS_CREATABLE/><IS_UPDATABLE/><IS_NULLABLE/><IS_FILTERABLE>X</IS_FILTERABLE><HAS_FIXED_LENGTH>X</HAS_FIXED_LENGTH><MAX_LENGTH>70</MAX_LENGTH><PRECISION_VALUE>70</PRECISION_VALUE><SCALE>0</SCALE><DEFAULT_VALUE/><IS_HIDDEN_IN_EDM/><BO_PATH_WITH_FILTER/><IS_ALPHA_CONV_ALLOWED/><IS_LANGU_CODE/><CODELIST_ENTITY_SET_UUID/><IS_EXTENSION_FIELD/><IS_FREE_SEARCH_ENABLED/><IS_TRASIENT/><IS_INTERNAL/><IS_EXTERNAL/><LOCAL_ID_TYPE/><IS_PARENT_EXTERNAL_KEY/><IS_REF_EXTERNAL_KEY/><USE_EXTERNAL_INFO/><REF_EXT_KEY_UUID_KEY/><EXTERNAL_KEY_LEVEL_CODE/><EXCLUDE_FROM_SADL/><SAM_STATUS_VARIABLE_UUID/><UI_TEXT_KEY_NAME>ODATA_SVC_OBJECT_ID</UI_TEXT_KEY_NAME><UI_TEXT_KEY_VERSION_ID>0000000000</UI_TEXT_KEY_VERSION_ID><UITXT_REDEF_IND/><CONCURRENCY_MODE/><INTERNAL_KEY_LEVEL_CODE/><CONTEXT_PROPERTY_UUID_UUID/><VERSION_ID>0000000000</VERSION_ID><IS_DATE_TYPE/><IS_ETAG_RELEVANT/><BO_NAME/><BO_NODE_NAME/><BO_NODE_ELEMENT_PATH/><DO_PREFIX/><IS_DWB_PROP/><IS_MULTI_VALUED/><ENCRYPTED_MAX_LENGTH>0</ENCRYPTED_MAX_LENGTH></ODATA_EXTENSION_DEF_PR_001><ODATA_EXTENSION_DEF_PR_001><CLIENT>171</CLIENT><NODE_ID>ABY+dKdcHtmGyPuPhfrzUw==</NODE_ID><PARENT_NODE_ID>ABY+dKdcHtmGyPuPhfsTUw==</PARENT_NODE_ID><ROOT_NODE_ID>ABY+dKdcHtmGyPW/GHCzUQ==</ROOT_NODE_ID><MO_NAME/><ORDINAL_NUMBER>11</ORDINAL_NUMBER><NAME>UUID</NAME><DATA_TYPE>Guid</DATA_TYPE><IS_COMPLEX/><ABAP_DT_NAME>UUID_CONTENT</ABAP_DT_NAME><BO_PATH>UUID-CONTENT</BO_PATH><COMPLEX_TYPE_UUID/><IS_CODE_TYPE/><IS_CREATABLE/><IS_UPDATABLE/><IS_NULLABLE>X</IS_NULLABLE><IS_FILTERABLE>X</IS_FILTERABLE><HAS_FIXED_LENGTH>X</HAS_FIXED_LENGTH><MAX_LENGTH>36</MAX_LENGTH><PRECISION_VALUE>36</PRECISION_VALUE><SCALE>0</SCALE><DEFAULT_VALUE/><IS_HIDDEN_IN_EDM/><BO_PATH_WITH_FILTER/><IS_ALPHA_CONV_ALLOWED/><IS_LANGU_CODE/><CODELIST_ENTITY_SET_UUID/><IS_EXTENSION_FIELD/><IS_FREE_SEARCH_ENABLED/><IS_TRASIENT/><IS_INTERNAL/><IS_EXTERNAL/><LOCAL_ID_TYPE/><IS_PARENT_EXTERNAL_KEY/><IS_REF_EXTERNAL_KEY/><USE_EXTERNAL_INFO/><REF_EXT_KEY_UUID_KEY/><EXTERNAL_KEY_LEVEL_CODE/><EXCLUDE_FROM_SADL/><SAM_STATUS_VARIABLE_UUID/><UI_TEXT_KEY_NAME/><UI_TEXT_KEY_VERSION_ID>0000000000</UI_TEXT_KEY_VERSION_ID><UITXT_REDEF_IND/><CONCURRENCY_MODE/><INTERNAL_KEY_LEVEL_CODE/><CONTEXT_PROPERTY_UUID_UUID/><VERSION_ID>0000000000</VERSION_ID><IS_DATE_TYPE/><IS_ETAG_RELEVANT/><BO_NAME>PDM_MATERIAL</BO_NAME><BO_NODE_NAME>ROOT</BO_NODE_NAME><BO_NODE_ELEMENT_PATH>UUID-CONTENT</BO_NODE_ELEMENT_PATH><DO_PREFIX/><IS_DWB_PROP/><IS_MULTI_VALUED/><ENCRYPTED_MAX_LENGTH>0</ENCRYPTED_MAX_LENGTH></ODATA_EXTENSION_DEF_PR_001><ODATA_EXTENSION_DEF_PR_001><CLIENT>171</CLIENT><NODE_ID>ABY+dKdcHtmGyQA2mwlTVQ==</NODE_ID><PARENT_NODE_ID>ABY+dKdcHtmGyPuPhfsTUw==</PARENT_NODE_ID><ROOT_NODE_ID>ABY+dKdcHtmGyPW/GHCzUQ==</ROOT_NODE_ID><MO_NAME/><ORDINAL_NUMBER>15</ORDINAL_NUMBER><NAME>BaseMeasureUnitCode</NAME><DATA_TYPE>String</DATA_TYPE><IS_COMPLEX/><ABAP_DT_NAME>BASE_MEASURE_UNIT_CODE</ABAP_DT_NAME><BO_PATH>ass:COMMON/BASE_MEASURE_UNIT_CODE</BO_PATH><COMPLEX_TYPE_UUID/><IS_CODE_TYPE>X</IS_CODE_TYPE><IS_CREATABLE>X</IS_CREATABLE><IS_UPDATABLE>X</IS_UPDATABLE><IS_NULLABLE>X</IS_NULLABLE><IS_FILTERABLE>X</IS_FILTERABLE><HAS_FIXED_LENGTH>X</HAS_FIXED_LENGTH><MAX_LENGTH>3</MAX_LENGTH><PRECISION_VALUE>3</PRECISION_VALUE><SCALE>0</SCALE><DEFAULT_VALUE/><IS_HIDDEN_IN_EDM/><BO_PATH_WITH_FILTER/><IS_ALPHA_CONV_ALLOWED/><IS_LANGU_CODE/><CODELIST_ENTITY_SET_UUID>ABY+dKdcHtmGyQA2mwmTVQ==</CODELIST_ENTITY_SET_UUID><IS_EXTENSION_FIELD/><IS_FREE_SEARCH_ENABLED/><IS_TRASIENT/><IS_INTERNAL/><IS_EXTERNAL/><LOCAL_ID_TYPE/><IS_PARENT_EXTERNAL_KEY/><IS_REF_EXTERNAL_KEY/><USE_EXTERNAL_INFO/><REF_EXT_KEY_UUID_KEY/><EXTERNAL_KEY_LEVEL_CODE/><EXCLUDE_FROM_SADL/><SAM_STATUS_VARIABLE_UUID/><UI_TEXT_KEY_NAME>PDM_BASE_UOM</UI_TEXT_KEY_NAME><UI_TEXT_KEY_VERSION_ID>0000000000</UI_TEXT_KEY_VERSION_ID><UITXT_REDEF_IND/><CONCURRENCY_MODE/><INTERNAL_KEY_LEVEL_CODE/><CONTEXT_PROPERTY_UUID_UUID/><VERSION_ID>0000000000</VERSION_ID><IS_DATE_TYPE/><IS_ETAG_RELEVANT/><BO_NAME>PDM_MATERIAL</BO_NAME><BO_NODE_NAME>COMMON</BO_NODE_NAME><BO_NODE_ELEMENT_PATH>BASE_MEASURE_UNIT_CODE</BO_NODE_ELEMENT_PATH><DO_PREFIX/><IS_DWB_PROP/><IS_MULTI_VALUED/><ENCRYPTED_MAX_LENGTH>0</ENCRYPTED_MAX_LENGTH></ODATA_EXTENSION_DEF_PR_001><ODATA_EXTENSION_DEF_PR_001><CLIENT>171</CLIENT><NODE_ID>ABY+dKdcHtmGyQA2mwkzVQ==</NODE_ID><PARENT_NODE_ID>ABY+dKdcHtmGyPuPhfsTUw==</PARENT_NODE_ID><ROOT_NODE_ID>ABY+dKdcHtmGyPW/GHCzUQ==</ROOT_NODE_ID><MO_NAME/><ORDINAL_NUMBER>0</ORDINAL_NUMBER><NAME>PDM_MATERIAL;COMMON;OBJECTID2</NAME><DATA_TYPE>String</DATA_TYPE><IS_COMPLEX/><ABAP_DT_NAME>OBJECTID2</ABAP_DT_NAME><BO_PATH>ass:COMMON/NODE_ID</BO_PATH><COMPLEX_TYPE_UUID/><IS_CODE_TYPE/><IS_CREATABLE/><IS_UPDATABLE/><IS_NULLABLE>X</IS_NULLABLE><IS_FILTERABLE>X</IS_FILTERABLE><HAS_FIXED_LENGTH>X</HAS_FIXED_LENGTH><MAX_LENGTH>70</MAX_LENGTH><PRECISION_VALUE>70</PRECISION_VALUE><SCALE>0</SCALE><DEFAULT_VALUE/><IS_HIDDEN_IN_EDM>X</IS_HIDDEN_IN_EDM><BO_PATH_WITH_FILTER/><IS_ALPHA_CONV_ALLOWED/><IS_LANGU_CODE/><CODELIST_ENTITY_SET_UUID/><IS_EXTENSION_FIELD/><IS_FREE_SEARCH_ENABLED/><IS_TRASIENT/><IS_INTERNAL/><IS_EXTERNAL/><LOCAL_ID_TYPE/><IS_PARENT_EXTERNAL_KEY/><IS_REF_EXTERNAL_KEY/><USE_EXTERNAL_INFO/><REF_EXT_KEY_UUID_KEY/><EXTERNAL_KEY_LEVEL_CODE/><EXCLUDE_FROM_SADL/><SAM_STATUS_VARIABLE_UUID/><UI_TEXT_KEY_NAME/><UI_TEXT_KEY_VERSION_ID>0000000000</UI_TEXT_KEY_VERSION_ID><UITXT_REDEF_IND/><CONCURRENCY_MODE/><INTERNAL_KEY_LEVEL_CODE/><CONTEXT_PROPERTY_UUID_UUID/><VERSION_ID>0000000000</VERSION_ID><IS_DATE_TYPE/><IS_ETAG_RELEVANT/><BO_NAME>PDM_MATERIAL</BO_NAME><BO_NODE_NAME>COMMON</BO_NODE_NAME><BO_NODE_ELEMENT_PATH>NODE_ID</BO_NODE_ELEMENT_PATH><DO_PREFIX/><IS_DWB_PROP/><IS_MULTI_VALUED/><ENCRYPTED_MAX_LENGTH>0</ENCRYPTED_MAX_LENGTH></ODATA_EXTENSION_DEF_PR_001><ODATA_EXTENSION_DEF_PR_001><CLIENT>171</CLIENT><NODE_ID>ABY+dKdcHtmGyP54Q2TTVQ==</NODE_ID><PARENT_NODE_ID>ABY+dKdcHtmGyPuPhfsTUw==</PARENT_NODE_ID><ROOT_NODE_ID>ABY+dKdcHtmGyPW/GHCzUQ==</ROOT_NODE_ID><MO_NAME/><ORDINAL_NUMBER>13</ORDINAL_NUMBER><NAME>Description</NAME><DATA_TYPE>String</DATA_TYPE><IS_COMPLEX/><ABAP_DT_NAME>DESCRIPTION_CONTENT</ABAP_DT_NAME><BO_PATH>ass:DESCRIPTION/DESCRIPTION-CONTENT</BO_PATH><COMPLEX_TYPE_UUID/><IS_CODE_TYPE/><IS_CREATABLE>X</IS_CREATABLE><IS_UPDATABLE>X</IS_UPDATABLE><IS_NULLABLE>X</IS_NULLABLE><IS_FILTERABLE>X</IS_FILTERABLE><HAS_FIXED_LENGTH>X</HAS_FIXED_LENGTH><MAX_LENGTH>40</MAX_LENGTH><PRECISION_VALUE>40</PRECISION_VALUE><SCALE>0</SCALE><DEFAULT_VALUE/><IS_HIDDEN_IN_EDM/><BO_PATH_WITH_FILTER>ass:DESCRIPTION[LANGUAGE_CODE = SY-LANGU]/DESCRIPTION-CONTENT</BO_PATH_WITH_FILTER><IS_ALPHA_CONV_ALLOWED/><IS_LANGU_CODE/><CODELIST_ENTITY_SET_UUID/><IS_EXTENSION_FIELD/><IS_FREE_SEARCH_ENABLED>X</IS_FREE_SEARCH_ENABLED><IS_TRASIENT/><IS_INTERNAL/><IS_EXTERNAL/><LOCAL_ID_TYPE/><IS_PARENT_EXTERNAL_KEY/><IS_REF_EXTERNAL_KEY/><USE_EXTERNAL_INFO/><REF_EXT_KEY_UUID_KEY/><EXTERNAL_KEY_LEVEL_CODE/><EXCLUDE_FROM_SADL/><SAM_STATUS_VARIABLE_UUID/><UI_TEXT_KEY_NAME>PDM_PRODUCT_DESCRIPTION</UI_TEXT_KEY_NAME><UI_TEXT_KEY_VERSION_ID>0000000000</UI_TEXT_KEY_VERSION_ID><UITXT_REDEF_IND/><CONCURRENCY_MODE/><INTERNAL_KEY_LEVEL_CODE/><CONTEXT_PROPERTY_UUID_UUID/><VERSION_ID>0000000000</VERSION_ID><IS_DATE_TYPE/><IS_ETAG_RELEVANT/><BO_NAME>PDM_MATERIAL</BO_NAME><BO_NODE_NAME>DESCRIPTION</BO_NODE_NAME><BO_NODE_ELEMENT_PATH>DESCRIPTION-CONTENT</BO_NODE_ELEMENT_PATH><DO_PREFIX/><IS_DWB_PROP/><IS_MULTI_VALUED/><ENCRYPTED_MAX_LENGTH>0</ENCRYPTED_MAX_LENGTH></ODATA_EXTENSION_DEF_PR_001><ODATA_EXTENSION_DEF_PR_001><CLIENT>171</CLIENT><NODE_ID>ABY+dKdcHtmGyP54Q2YzVQ==</NODE_ID><PARENT_NODE_ID>ABY+dKdcHtmGyPuPhfsTUw==</PARENT_NODE_ID><ROOT_NODE_ID>ABY+dKdcHtmGyPW/GHCzUQ==</ROOT_NODE_ID><MO_NAME/><ORDINAL_NUMBER>14</ORDINAL_NUMBER><NAME>DescriptionlanguageCode</NAME><DATA_TYPE>String</DATA_TYPE><IS_COMPLEX/><ABAP_DT_NAME>DESCRIPTION_LANGUAGE_CODE</ABAP_DT_NAME><BO_PATH>ass:DESCRIPTION/DESCRIPTION-LANGUAGE_CODE</BO_PATH><COMPLEX_TYPE_UUID/><IS_CODE_TYPE>X</IS_CODE_TYPE><IS_CREATABLE>X</IS_CREATABLE><IS_UPDATABLE>X</IS_UPDATABLE><IS_NULLABLE>X</IS_NULLABLE><IS_FILTERABLE>X</IS_FILTERABLE><HAS_FIXED_LENGTH>X</HAS_FIXED_LENGTH><MAX_LENGTH>2</MAX_LENGTH><PRECISION_VALUE>1</PRECISION_VALUE><SCALE>0</SCALE><DEFAULT_VALUE/><IS_HIDDEN_IN_EDM/><BO_PATH_WITH_FILTER>ass:DESCRIPTION[LANGUAGE_CODE = SY-LANGU]/DESCRIPTION-LANGUAGE_CODE</BO_PATH_WITH_FILTER><IS_ALPHA_CONV_ALLOWED/><IS_LANGU_CODE>X</IS_LANGU_CODE><CODELIST_ENTITY_SET_UUID>ABY+dKdcHtmGyP54Q2bTVQ==</CODELIST_ENTITY_SET_UUID><IS_EXTENSION_FIELD/><IS_FREE_SEARCH_ENABLED/><IS_TRASIENT/><IS_INTERNAL/><IS_EXTERNAL/><LOCAL_ID_TYPE/><IS_PARENT_EXTERNAL_KEY/><IS_REF_EXTERNAL_KEY/><USE_EXTERNAL_INFO/><REF_EXT_KEY_UUID_KEY/><EXTERNAL_KEY_LEVEL_CODE/><EXCLUDE_FROM_SADL/><SAM_STATUS_VARIABLE_UUID/><UI_TEXT_KEY_NAME/><UI_TEXT_KEY_VERSION_ID>0000000000</UI_TEXT_KEY_VERSION_ID><UITXT_REDEF_IND/><CONCURRENCY_MODE/><INTERNAL_KEY_LEVEL_CODE/><CONTEXT_PROPERTY_UUID_UUID/><VERSION_ID>0000000000</VERSION_ID><IS_DATE_TYPE/><IS_ETAG_RELEVANT/><BO_NAME>PDM_MATERIAL</BO_NAME><BO_NODE_NAME>DESCRIPTION</BO_NODE_NAME><BO_NODE_ELEMENT_PATH>DESCRIPTION-LANGUAGE_CODE</BO_NODE_ELEMENT_PATH><DO_PREFIX/><IS_DWB_PROP/><IS_MULTI_VALUED/><ENCRYPTED_MAX_LENGTH>0</ENCRYPTED_MAX_LENGTH></ODATA_EXTENSION_DEF_PR_001><ODATA_EXTENSION_DEF_PR_001><CLIENT>171</CLIENT><NODE_ID>ABY+dKdcHtmGyP54Q2RTVQ==</NODE_ID><PARENT_NODE_ID>ABY+dKdcHtmGyPuPhfsTUw==</PARENT_NODE_ID><ROOT_NODE_ID>ABY+dKdcHtmGyPW/GHCzUQ==</ROOT_NODE_ID><MO_NAME/><ORDINAL_NUMBER>0</ORDINAL_NUMBER><NAME>PDM_MATERIAL;DESCRIPTION;OBJECTID1</NAME><DATA_TYPE>String</DATA_TYPE><IS_COMPLEX/><ABAP_DT_NAME>OBJECTID1</ABAP_DT_NAME><BO_PATH>ass:DESCRIPTION/NODE_ID</BO_PATH><COMPLEX_TYPE_UUID/><IS_CODE_TYPE/><IS_CREATABLE/><IS_UPDATABLE/><IS_NULLABLE>X</IS_NULLABLE><IS_FILTERABLE>X</IS_FILTERABLE><HAS_FIXED_LENGTH>X</HAS_FIXED_LENGTH><MAX_LENGTH>70</MAX_LENGTH><PRECISION_VALUE>70</PRECISION_VALUE><SCALE>0</SCALE><DEFAULT_VALUE/><IS_HIDDEN_IN_EDM>X</IS_HIDDEN_IN_EDM><BO_PATH_WITH_FILTER>ass:DESCRIPTION[LANGUAGE_CODE = SY-LANGU]/NODE_ID</BO_PATH_WITH_FILTER><IS_ALPHA_CONV_ALLOWED/><IS_LANGU_CODE/><CODELIST_ENTITY_SET_UUID/><IS_EXTENSION_FIELD/><IS_FREE_SEARCH_ENABLED/><IS_TRASIENT/><IS_INTERNAL/><IS_EXTERNAL/><LOCAL_ID_TYPE/><IS_PARENT_EXTERNAL_KEY/><IS_REF_EXTERNAL_KEY/><USE_EXTERNAL_INFO/><REF_EXT_KEY_UUID_KEY/><EXTERNAL_KEY_LEVEL_CODE/><EXCLUDE_FROM_SADL/><SAM_STATUS_VARIABLE_UUID/><UI_TEXT_KEY_NAME/><UI_TEXT_KEY_VERSION_ID>0000000000</UI_TEXT_KEY_VERSION_ID><UITXT_REDEF_IND/><CONCURRENCY_MODE/><INTERNAL_KEY_LEVEL_CODE/><CONTEXT_PROPERTY_UUID_UUID/><VERSION_ID>0000000000</VERSION_ID><IS_DATE_TYPE/><IS_ETAG_RELEVANT/><BO_NAME>PDM_MATERIAL</BO_NAME><BO_NODE_NAME>DESCRIPTION</BO_NODE_NAME><BO_NODE_ELEMENT_PATH>NODE_ID</BO_NODE_ELEMENT_PATH><DO_PREFIX/><IS_DWB_PROP/><IS_MULTI_VALUED/><ENCRYPTED_MAX_LENGTH>0</ENCRYPTED_MAX_LENGTH></ODATA_EXTENSION_DEF_PR_001><ODATA_EXTENSION_DEF_PR_001><CLIENT>171</CLIENT><NODE_ID>ABY+dKdcHtmGyP54Q2ZzVQ==</NODE_ID><PARENT_NODE_ID>ABY+dKdcHtmGyP54Q2ZTVQ==</PARENT_NODE_ID><ROOT_NODE_ID>ABY+dKdcHtmGyPW/GHCzUQ==</ROOT_NODE_ID><MO_NAME/><ORDINAL_NUMBER>0</ORDINAL_NUMBER><NAME>Code</NAME><DATA_TYPE>String</DATA_TYPE><IS_COMPLEX/><ABAP_DT_NAME>CONTENT</ABAP_DT_NAME><BO_PATH/><COMPLEX_TYPE_UUID/><IS_CODE_TYPE/><IS_CREATABLE/><IS_UPDATABLE/><IS_NULLABLE/><IS_FILTERABLE>X</IS_FILTERABLE><HAS_FIXED_LENGTH/><MAX_LENGTH>0</MAX_LENGTH><PRECISION_VALUE>0</PRECISION_VALUE><SCALE>0</SCALE><DEFAULT_VALUE/><IS_HIDDEN_IN_EDM/><BO_PATH_WITH_FILTER/><IS_ALPHA_CONV_ALLOWED/><IS_LANGU_CODE/><CODELIST_ENTITY_SET_UUID/><IS_EXTENSION_FIELD/><IS_FREE_SEARCH_ENABLED/><IS_TRASIENT/><IS_INTERNAL/><IS_EXTERNAL/><LOCAL_ID_TYPE/><IS_PARENT_EXTERNAL_KEY/><IS_REF_EXTERNAL_KEY/><USE_EXTERNAL_INFO/><REF_EXT_KEY_UUID_KEY/><EXTERNAL_KEY_LEVEL_CODE/><EXCLUDE_FROM_SADL/><SAM_STATUS_VARIABLE_UUID/><UI_TEXT_KEY_NAME/><UI_TEXT_KEY_VERSION_ID>0000000000</UI_TEXT_KEY_VERSION_ID><UITXT_REDEF_IND/><CONCURRENCY_MODE/><INTERNAL_KEY_LEVEL_CODE/><CONTEXT_PROPERTY_UUID_UUID/><VERSION_ID>0000000000</VERSION_ID><IS_DATE_TYPE/><IS_ETAG_RELEVANT/><BO_NAME/><BO_NODE_NAME/><BO_NODE_ELEMENT_PATH/><DO_PREFIX/><IS_DWB_PROP/><IS_MULTI_VALUED/><ENCRYPTED_MAX_LENGTH>0</ENCRYPTED_MAX_LENGTH></ODATA_EXTENSION_DEF_PR_001><ODATA_EXTENSION_DEF_PR_001><CLIENT>171</CLIENT><NODE_ID>ABY+dKdcHtmGyP54Q2aTVQ==</NODE_ID><PARENT_NODE_ID>ABY+dKdcHtmGyP54Q2ZTVQ==</PARENT_NODE_ID><ROOT_NODE_ID>ABY+dKdcHtmGyPW/GHCzUQ==</ROOT_NODE_ID><MO_NAME/><ORDINAL_NUMBER>0</ORDINAL_NUMBER><NAME>Description</NAME><DATA_TYPE>String</DATA_TYPE><IS_COMPLEX/><ABAP_DT_NAME>DESCRIPTION</ABAP_DT_NAME><BO_PATH/><COMPLEX_TYPE_UUID/><IS_CODE_TYPE/><IS_CREATABLE/><IS_UPDATABLE/><IS_NULLABLE/><IS_FILTERABLE>X</IS_FILTERABLE><HAS_FIXED_LENGTH/><MAX_LENGTH>0</MAX_LENGTH><PRECISION_VALUE>0</PRECISION_VALUE><SCALE>0</SCALE><DEFAULT_VALUE/><IS_HIDDEN_IN_EDM/><BO_PATH_WITH_FILTER/><IS_ALPHA_CONV_ALLOWED/><IS_LANGU_CODE/><CODELIST_ENTITY_SET_UUID/><IS_EXTENSION_FIELD/><IS_FREE_SEARCH_ENABLED/><IS_TRASIENT/><IS_INTERNAL/><IS_EXTERNAL/><LOCAL_ID_TYPE/><IS_PARENT_EXTERNAL_KEY/><IS_REF_EXTERNAL_KEY/><USE_EXTERNAL_INFO/><REF_EXT_KEY_UUID_KEY/><EXTERNAL_KEY_LEVEL_CODE/><EXCLUDE_FROM_SADL/><SAM_STATUS_VARIABLE_UUID/><UI_TEXT_KEY_NAME/><UI_TEXT_KEY_VERSION_ID>0000000000</UI_TEXT_KEY_VERSION_ID><UITXT_REDEF_IND/><CONCURRENCY_MODE/><INTERNAL_KEY_LEVEL_CODE/><CONTEXT_PROPERTY_UUID_UUID/><VERSION_ID>0000000000</VERSION_ID><IS_DATE_TYPE/><IS_ETAG_RELEVANT/><BO_NAME/><BO_NODE_NAME/><BO_NODE_ELEMENT_PATH/><DO_PREFIX/><IS_DWB_PROP/><IS_MULTI_VALUED/><ENCRYPTED_MAX_LENGTH>0</ENCRYPTED_MAX_LENGTH></ODATA_EXTENSION_DEF_PR_001></PROPERTIES><NAVIGATIONS/><COMPLEX_TYPES/><COMPLEX_TYPE_PROPERTIES/><FUNCTION_IMPORTS/><FUNCTION_IMPORT_PARAMS/><ENTITY_SETS><ODATA_EXTENSN_DEF_ENT_SET><CLIENT>171</CLIENT><NODE_ID>ABY+dKdcHtmGyP54Q2azVQ==</NODE_ID><PARENT_NODE_ID>ABY+dKdcHtmGyPW/GHCzUQ==</PARENT_NODE_ID><MO_NAME/><UUID>ABY+dKdcHtmGyP54Q2bTVQ==</UUID><NAME>MaterialDescriptionlanguageCodeCollection</NAME><ENTITY_TYPE_UUID>ABY+dKdcHtmGyP54Q2ZTVQ==</ENTITY_TYPE_UUID></ODATA_EXTENSN_DEF_ENT_SET><ODATA_EXTENSN_DEF_ENT_SET><CLIENT>171</CLIENT><NODE_ID>ABY+dKdcHtmGyQA2mwlzVQ==</NODE_ID><PARENT_NODE_ID>ABY+dKdcHtmGyPW/GHCzUQ==</PARENT_NODE_ID><MO_NAME/><UUID>ABY+dKdcHtmGyQA2mwmTVQ==</UUID><NAME>MaterialBaseMeasureUnitCodeCollection</NAME><ENTITY_TYPE_UUID>ABY+dKdcHtmGyP54Q2ZTVQ==</ENTITY_TYPE_UUID></ODATA_EXTENSN_DEF_ENT_SET></ENTITY_SETS><UITEXT_DESC><MDRS_W_UIT_TEXT><MO_NAME>PDM_MATERIAL</MO_NAME><VERSION_ID>0000000000</VERSION_ID><LANGU>1</LANGU><DB_KEY>ABY+ARSdHuC864YSefPdMA==</DB_KEY><PARENT_KEY>ABY+ARTwHuC4iW+Ce1fkfQ==</PARENT_KEY><UUID>ABY+ARSdHuC864YSefP9MA==</UUID><SHORT_T>物料</SHORT_T><COLUMN_T/><TOOL_TIP_T/><HELP_T/></MDRS_W_UIT_TEXT><MDRS_W_UIT_TEXT><MO_NAME>PDM_MATERIAL</MO_NAME><VERSION_ID>0000000000</VERSION_ID><LANGU>3</LANGU><DB_KEY>ABY+Ar1OHuSOxHFUPgFQEQ==</DB_KEY><PARENT_KEY>ABY+ARTwHuC4iW+Ce1fkfQ==</PARENT_KEY><UUID>ABY+Ar1OHuSOxHFUPgFwEQ==</UUID><SHORT_T>자재</SHORT_T><COLUMN_T/><TOOL_TIP_T/><HELP_T/></MDRS_W_UIT_TEXT><MDRS_W_UIT_TEXT><MO_NAME>PDM_MATERIAL</MO_NAME><VERSION_ID>0000000000</VERSION_ID><LANGU>B</LANGU><DB_KEY>ABY+HApLHuaT7uFemS1ImA==</DB_KEY><PARENT_KEY>ABY+ARTwHuC4iW+Ce1fkfQ==</PARENT_KEY><UUID>ABY+HApLHuaT7uFemS1omA==</UUID><SHORT_T>חומר</SHORT_T><COLUMN_T/><TOOL_TIP_T/><HELP_T/></MDRS_W_UIT_TEXT><MDRS_W_UIT_TEXT><MO_NAME>PDM_MATERIAL</MO_NAME><VERSION_ID>0000000000</VERSION_ID><LANGU>C</LANGU><DB_KEY>ABY+Ar1OHtGkjhu6OFKV9A==</DB_KEY><PARENT_KEY>ABY+ARTwHuC4iW+Ce1fkfQ==</PARENT_KEY><UUID>ABY+Ar1OHtGkjhu6OFK19A==</UUID><SHORT_T>Materiál</SHORT_T><COLUMN_T/><TOOL_TIP_T/><HELP_T/></MDRS_W_UIT_TEXT><MDRS_W_UIT_TEXT><MO_NAME>PDM_MATERIAL</MO_NAME><VERSION_ID>0000000000</VERSION_ID><LANGU>D</LANGU><DB_KEY>ABY+ARSdHuC7z0UZ6pwbOA==</DB_KEY><PARENT_KEY>ABY+ARTwHuC4iW+Ce1fkfQ==</PARENT_KEY><UUID>ABY+ARSdHuC7z0UZ6pw7OA==</UUID><SHORT_T>Material</SHORT_T><COLUMN_T/><TOOL_TIP_T/><HELP_T/></MDRS_W_UIT_TEXT><MDRS_W_UIT_TEXT><MO_NAME>PDM_MATERIAL</MO_NAME><VERSION_ID>0000000000</VERSION_ID><LANGU>E</LANGU><DB_KEY>ABY+ARTwHuC4iW+Ce1jkfQ==</DB_KEY><PARENT_KEY>ABY+ARTwHuC4iW+Ce1fkfQ==</PARENT_KEY><UUID>ABY+ARTwHuC4iW+Ce1jEfQ==</UUID><SHORT_T>Material</SHORT_T><COLUMN_T/><TOOL_TIP_T/><HELP_T/></MDRS_W_UIT_TEXT><MDRS_W_UIT_TEXT><MO_NAME>PDM_MATERIAL</MO_NAME><VERSION_ID>0000000000</VERSION_ID><LANGU>F</LANGU><DB_KEY>ABY+ARSdHtC7uM3uIlAMgw==</DB_KEY><PARENT_KEY>ABY+ARTwHuC4iW+Ce1fkfQ==</PARENT_KEY><UUID>ABY+ARSdHtC7uM3uIlAsgw==</UUID><SHORT_T>Article</SHORT_T><COLUMN_T/><TOOL_TIP_T/><HELP_T/></MDRS_W_UIT_TEXT><MDRS_W_UIT_TEXT><MO_NAME>PDM_MATERIAL</MO_NAME><VERSION_ID>0000000000</VERSION_ID><LANGU>I</LANGU><DB_KEY>ABY+ARSdHuC76gCOxCXTMQ==</DB_KEY><PARENT_KEY>ABY+ARTwHuC4iW+Ce1fkfQ==</PARENT_KEY><UUID>ABY+ARSdHuC76gCOxCXzMQ==</UUID><SHORT_T>Materiale</SHORT_T><COLUMN_T/><TOOL_TIP_T/><HELP_T/></MDRS_W_UIT_TEXT><MDRS_W_UIT_TEXT><MO_NAME>PDM_MATERIAL</MO_NAME><VERSION_ID>0000000000</VERSION_ID><LANGU>J</LANGU><DB_KEY>ABY+Ar1OHtKp6KYxHC/Y9w==</DB_KEY><PARENT_KEY>ABY+ARTwHuC4iW+Ce1fkfQ==</PARENT_KEY><UUID>ABY+Ar1OHtKp6KYxHC/49w==</UUID><SHORT_T>品目</SHORT_T><COLUMN_T/><TOOL_TIP_T/><HELP_T/></MDRS_W_UIT_TEXT><MDRS_W_UIT_TEXT><MO_NAME>PDM_MATERIAL</MO_NAME><VERSION_ID>0000000000</VERSION_ID><LANGU>L</LANGU><DB_KEY>ABY+Ar1OHtGkjhu7AJ/V9A==</DB_KEY><PARENT_KEY>ABY+ARTwHuC4iW+Ce1fkfQ==</PARENT_KEY><UUID>ABY+Ar1OHtGkjhu7AJ/19A==</UUID><SHORT_T>Materiał</SHORT_T><COLUMN_T/><TOOL_TIP_T/><HELP_T/></MDRS_W_UIT_TEXT><MDRS_W_UIT_TEXT><MO_NAME>PDM_MATERIAL</MO_NAME><VERSION_ID>0000000000</VERSION_ID><LANGU>N</LANGU><DB_KEY>ABY+Ar1OHuGfsWOjsn+eWw==</DB_KEY><PARENT_KEY>ABY+ARTwHuC4iW+Ce1fkfQ==</PARENT_KEY><UUID>ABY+Ar1OHuGfsWOjsn++Ww==</UUID><SHORT_T>Artikel</SHORT_T><COLUMN_T/><TOOL_TIP_T/><HELP_T/></MDRS_W_UIT_TEXT><MDRS_W_UIT_TEXT><MO_NAME>PDM_MATERIAL</MO_NAME><VERSION_ID>0000000000</VERSION_ID><LANGU>O</LANGU><DB_KEY>ABY+Ar1OHuSVtEF/2ZKD0A==</DB_KEY><PARENT_KEY>ABY+ARTwHuC4iW+Ce1fkfQ==</PARENT_KEY><UUID>ABY+Ar1OHuSVtEF/2ZKj0A==</UUID><SHORT_T>Material</SHORT_T><COLUMN_T/><TOOL_TIP_T/><HELP_T/></MDRS_W_UIT_TEXT><MDRS_W_UIT_TEXT><MO_NAME>PDM_MATERIAL</MO_NAME><VERSION_ID>0000000000</VERSION_ID><LANGU>P</LANGU><DB_KEY>ABY+ARSdHuC67fJS7MePfQ==</DB_KEY><PARENT_KEY>ABY+ARTwHuC4iW+Ce1fkfQ==</PARENT_KEY><UUID>ABY+ARSdHuC67fJS7MevfQ==</UUID><SHORT_T>Material</SHORT_T><COLUMN_T/><TOOL_TIP_T/><HELP_T/></MDRS_W_UIT_TEXT><MDRS_W_UIT_TEXT><MO_NAME>PDM_MATERIAL</MO_NAME><VERSION_ID>0000000000</VERSION_ID><LANGU>R</LANGU><DB_KEY>ABY+Ar1OHtO14zCTmUlKdA==</DB_KEY><PARENT_KEY>ABY+ARTwHuC4iW+Ce1fkfQ==</PARENT_KEY><UUID>ABY+Ar1OHtO14zCTmUlqdA==</UUID><SHORT_T>Материал</SHORT_T><COLUMN_T/><TOOL_TIP_T/><HELP_T/></MDRS_W_UIT_TEXT><MDRS_W_UIT_TEXT><MO_NAME>PDM_MATERIAL</MO_NAME><VERSION_ID>0000000000</VERSION_ID><LANGU>S</LANGU><DB_KEY>ABY+ARSdHuC66DTp+/dDlQ==</DB_KEY><PARENT_KEY>ABY+ARTwHuC4iW+Ce1fkfQ==</PARENT_KEY><UUID>ABY+ARSdHuC66DTp+/djlQ==</UUID><SHORT_T>Material</SHORT_T><COLUMN_T/><TOOL_TIP_T/><HELP_T/></MDRS_W_UIT_TEXT><MDRS_W_UIT_TEXT><MO_NAME>PDM_MATERIAL</MO_NAME><VERSION_ID>0000000000</VERSION_ID><LANGU>T</LANGU><DB_KEY>ABY+Ar1OHuSW5I8zqPZIvA==</DB_KEY><PARENT_KEY>ABY+ARTwHuC4iW+Ce1fkfQ==</PARENT_KEY><UUID>ABY+Ar1OHuSW5I8zqPZovA==</UUID><SHORT_T>Malzeme</SHORT_T><COLUMN_T/><TOOL_TIP_T/><HELP_T/></MDRS_W_UIT_TEXT><MDRS_W_UIT_TEXT><MO_NAME>PDM_MATERIAL</MO_NAME><VERSION_ID>0000000000</VERSION_ID><LANGU>U</LANGU><DB_KEY>ABY+Ar1OHtO15AeQ8t8L8g==</DB_KEY><PARENT_KEY>ABY+ARTwHuC4iW+Ce1fkfQ==</PARENT_KEY><UUID>ABY+Ar1OHtO15AeQ8t8r8g==</UUID><SHORT_T>Nimike</SHORT_T><COLUMN_T/><TOOL_TIP_T/><HELP_T/></MDRS_W_UIT_TEXT><MDRS_W_UIT_TEXT><MO_NAME>PDM_MATERIAL</MO_NAME><VERSION_ID>0000000000</VERSION_ID><LANGU>V</LANGU><DB_KEY>ABY+Ar1OHtO14w9F0tGKNQ==</DB_KEY><PARENT_KEY>ABY+ARTwHuC4iW+Ce1fkfQ==</PARENT_KEY><UUID>ABY+Ar1OHtO14w9F0tGqNQ==</UUID><SHORT_T>Material</SHORT_T><COLUMN_T/><TOOL_TIP_T/><HELP_T/></MDRS_W_UIT_TEXT><MDRS_W_UIT_TEXT><MO_NAME>PDM_PRODUCT_ID</MO_NAME><VERSION_ID>0000000000</VERSION_ID><LANGU>1</LANGU><DB_KEY>ABY+ARSdHuCGqC8ZkCaRYA==</DB_KEY><PARENT_KEY>ABY+ARTwHuCDgJl9zyQ1TQ==</PARENT_KEY><UUID>ABY+ARSdHuCGqC8ZkCaxYA==</UUID><SHORT_T>产品编号</SHORT_T><COLUMN_T>产品编号</COLUMN_T><TOOL_TIP_T>产品编号</TOOL_TIP_T><HELP_T/></MDRS_W_UIT_TEXT><MDRS_W_UIT_TEXT><MO_NAME>PDM_PRODUCT_ID</MO_NAME><VERSION_ID>0000000000</VERSION_ID><LANGU>3</LANGU><DB_KEY>ABY+Ar1OHuSOwq7HXPDMbA==</DB_KEY><PARENT_KEY>ABY+ARTwHuCDgJl9zyQ1TQ==</PARENT_KEY><UUID>ABY+Ar1OHuSOwq7HXPDsbA==</UUID><SHORT_T>제품 ID</SHORT_T><COLUMN_T>제품 ID</COLUMN_T><TOOL_TIP_T>제품 식별자</TOOL_TIP_T><HELP_T/></MDRS_W_UIT_TEXT><MDRS_W_UIT_TEXT><MO_NAME>PDM_PRODUCT_ID</MO_NAME><VERSION_ID>0000000000</VERSION_ID><LANGU>B</LANGU><DB_KEY>ABY+HApLHuaT7pB+vs0HYg==</DB_KEY><PARENT_KEY>ABY+ARTwHuCDgJl9zyQ1TQ==</PARENT_KEY><UUID>ABY+HApLHuaT7pB+vs0nYg==</UUID><SHORT_T>זיהוי מוצר</SHORT_T><COLUMN_T>זיהוי מוצר</COLUMN_T><TOOL_TIP_T>מזהה מוצר</TOOL_TIP_T><HELP_T/></MDRS_W_UIT_TEXT><MDRS_W_UIT_TEXT><MO_NAME>PDM_PRODUCT_ID</MO_NAME><VERSION_ID>0000000000</VERSION_ID><LANGU>C</LANGU><DB_KEY>ABY+Ar1OHtGkjcL+e04VQw==</DB_KEY><PARENT_KEY>ABY+ARTwHuCDgJl9zyQ1TQ==</PARENT_KEY><UUID>ABY+Ar1OHtGkjcL+e041Qw==</UUID><SHORT_T>ID produktu</SHORT_T><COLUMN_T>ID produktu</COLUMN_T><TOOL_TIP_T>Identifikátor produktu</TOOL_TIP_T><HELP_T/></MDRS_W_UIT_TEXT><MDRS_W_UIT_TEXT><MO_NAME>PDM_PRODUCT_ID</MO_NAME><VERSION_ID>0000000000</VERSION_ID><LANGU>D</LANGU><DB_KEY>ABY+ARSdHuCKkGHdZxIdiA==</DB_KEY><PARENT_KEY>ABY+ARTwHuCDgJl9zyQ1TQ==</PARENT_KEY><UUID>ABY+ARSdHuCKkGHdZxI9iA==</UUID><SHORT_T>Produktnummer</SHORT_T><COLUMN_T>Produktnummer</COLUMN_T><TOOL_TIP_T>Produktnummer</TOOL_TIP_T><HELP_T/></MDRS_W_UIT_TEXT><MDRS_W_UIT_TEXT><MO_NAME>PDM_PRODUCT_ID</MO_NAME><VERSION_ID>0000000000</VERSION_ID><LANGU>E</LANGU><DB_KEY>ABY+ARTwHuCDgJl9zyS1TQ==</DB_KEY><PARENT_KEY>ABY+ARTwHuCDgJl9zyQ1TQ==</PARENT_KEY><UUID>ABY+ARTwHuCDgJl9zySVTQ==</UUID><SHORT_T>Product ID</SHORT_T><COLUMN_T>Product ID</COLUMN_T><TOOL_TIP_T>Product Identifier</TOOL_TIP_T><HELP_T/></MDRS_W_UIT_TEXT><MDRS_W_UIT_TEXT><MO_NAME>PDM_PRODUCT_ID</MO_NAME><VERSION_ID>0000000000</VERSION_ID><LANGU>F</LANGU><DB_KEY>ABY+ARSdHtCHy972cg1CcQ==</DB_KEY><PARENT_KEY>ABY+ARTwHuCDgJl9zyQ1TQ==</PARENT_KEY><UUID>ABY+ARSdHtCHy972cg1icQ==</UUID><SHORT_T>ID produit</SHORT_T><COLUMN_T>ID produit</COLUMN_T><TOOL_TIP_T>Identifiant produit</TOOL_TIP_T><HELP_T/></MDRS_W_UIT_TEXT><MDRS_W_UIT_TEXT><MO_NAME>PDM_PRODUCT_ID</MO_NAME><VERSION_ID>0000000000</VERSION_ID><LANGU>I</LANGU><DB_KEY>ABY+ARSdHtCHzPC3vd+E0Q==</DB_KEY><PARENT_KEY>ABY+ARTwHuCDgJl9zyQ1TQ==</PARENT_KEY><UUID>ABY+ARSdHtCHzPC3vd+k0Q==</UUID><SHORT_T>ID prodotto</SHORT_T><COLUMN_T>ID prodotto</COLUMN_T><TOOL_TIP_T>Identificatore prodotto</TOOL_TIP_T><HELP_T/></MDRS_W_UIT_TEXT><MDRS_W_UIT_TEXT><MO_NAME>PDM_PRODUCT_ID</MO_NAME><VERSION_ID>0000000000</VERSION_ID><LANGU>J</LANGU><DB_KEY>ABY+Ar1OHtKp5jyyQ7VTpg==</DB_KEY><PARENT_KEY>ABY+ARTwHuCDgJl9zyQ1TQ==</PARENT_KEY><UUID>ABY+Ar1OHtKp5jyyQ7Vzpg==</UUID><SHORT_T>製品 ID</SHORT_T><COLUMN_T>製品 ID</COLUMN_T><TOOL_TIP_T>製品 ID</TOOL_TIP_T><HELP_T/></MDRS_W_UIT_TEXT><MDRS_W_UIT_TEXT><MO_NAME>PDM_PRODUCT_ID</MO_NAME><VERSION_ID>0000000000</VERSION_ID><LANGU>L</LANGU><DB_KEY>ABY+Ar1OHtGkjcL+YY2VQw==</DB_KEY><PARENT_KEY>ABY+ARTwHuCDgJl9zyQ1TQ==</PARENT_KEY><UUID>ABY+Ar1OHtGkjcL+YY21Qw==</UUID><SHORT_T>Id. produktu</SHORT_T><COLUMN_T>Id. produktu</COLUMN_T><TOOL_TIP_T>Identyfikator produktu</TOOL_TIP_T><HELP_T/></MDRS_W_UIT_TEXT><MDRS_W_UIT_TEXT><MO_NAME>PDM_PRODUCT_ID</MO_NAME><VERSION_ID>0000000000</VERSION_ID><LANGU>N</LANGU><DB_KEY>ABY+Ar1OHuGfsSp+Kgddyg==</DB_KEY><PARENT_KEY>ABY+ARTwHuCDgJl9zyQ1TQ==</PARENT_KEY><UUID>ABY+Ar1OHuGfsSp+Kgd9yg==</UUID><SHORT_T>Product-ID</SHORT_T><COLUMN_T>Product-ID</COLUMN_T><TOOL_TIP_T>Product-ID</TOOL_TIP_T><HELP_T/></MDRS_W_UIT_TEXT><MDRS_W_UIT_TEXT><MO_NAME>PDM_PRODUCT_ID</MO_NAME><VERSION_ID>0000000000</VERSION_ID><LANGU>O</LANGU><DB_KEY>ABY+Ar1OHtO14jBHpgDIeA==</DB_KEY><PARENT_KEY>ABY+ARTwHuCDgJl9zyQ1TQ==</PARENT_KEY><UUID>ABY+Ar1OHtO14jBHpgDoeA==</UUID><SHORT_T>Produkt-ID</SHORT_T><COLUMN_T>Produkt-ID</COLUMN_T><TOOL_TIP_T>Produkt-ID</TOOL_TIP_T><HELP_T/></MDRS_W_UIT_TEXT><MDRS_W_UIT_TEXT><MO_NAME>PDM_PRODUCT_ID</MO_NAME><VERSION_ID>0000000000</VERSION_ID><LANGU>P</LANGU><DB_KEY>ABY+ARSdHtCHsJdJsZYA5A==</DB_KEY><PARENT_KEY>ABY+ARTwHuCDgJl9zyQ1TQ==</PARENT_KEY><UUID>ABY+ARSdHtCHsJdJsZYg5A==</UUID><SHORT_T>ID do produto</SHORT_T><COLUMN_T>ID do produto</COLUMN_T><TOOL_TIP_T>Identificador do produto</TOOL_TIP_T><HELP_T/></MDRS_W_UIT_TEXT><MDRS_W_UIT_TEXT><MO_NAME>PDM_PRODUCT_ID</MO_NAME><VERSION_ID>0000000000</VERSION_ID><LANGU>R</LANGU><DB_KEY>ABY+Ar1OHtO14gSLM6EIKQ==</DB_KEY><PARENT_KEY>ABY+ARTwHuCDgJl9zyQ1TQ==</PARENT_KEY><UUID>ABY+Ar1OHtO14gSLM6EoKQ==</UUID><SHORT_T>Ид. продукта</SHORT_T><COLUMN_T>Ид. продукта</COLUMN_T><TOOL_TIP_T>Идентификатор продукта</TOOL_TIP_T><HELP_T/></MDRS_W_UIT_TEXT><MDRS_W_UIT_TEXT><MO_NAME>PDM_PRODUCT_ID</MO_NAME><VERSION_ID>0000000000</VERSION_ID><LANGU>S</LANGU><DB_KEY>ABY+ARSdHtCH0WLNTLgOag==</DB_KEY><PARENT_KEY>ABY+ARTwHuCDgJl9zyQ1TQ==</PARENT_KEY><UUID>ABY+ARSdHtCH0WLNTLguag==</UUID><SHORT_T>ID de producto</SHORT_T><COLUMN_T>ID de producto</COLUMN_T><TOOL_TIP_T>Identificador de producto</TOOL_TIP_T><HELP_T/></MDRS_W_UIT_TEXT><MDRS_W_UIT_TEXT><MO_NAME>PDM_PRODUCT_ID</MO_NAME><VERSION_ID>0000000000</VERSION_ID><LANGU>T</LANGU><DB_KEY>ABY+Ar1OHuSW4qJhrBKFHA==</DB_KEY><PARENT_KEY>ABY+ARTwHuCDgJl9zyQ1TQ==</PARENT_KEY><UUID>ABY+Ar1OHuSW4qJhrBKlHA==</UUID><SHORT_T>Ürün Numarası</SHORT_T><COLUMN_T>Ürün Numarası</COLUMN_T><TOOL_TIP_T>Ürün Numarası</TOOL_TIP_T><HELP_T/></MDRS_W_UIT_TEXT><MDRS_W_UIT_TEXT><MO_NAME>PDM_PRODUCT_ID</MO_NAME><VERSION_ID>0000000000</VERSION_ID><LANGU>U</LANGU><DB_KEY>ABY+Ar1OHtO14jp8Pb2Ing==</DB_KEY><PARENT_KEY>ABY+ARTwHuCDgJl9zyQ1TQ==</PARENT_KEY><UUID>ABY+Ar1OHtO14jp8Pb2ong==</UUID><SHORT_T>Tuotetunnus</SHORT_T><COLUMN_T>Tuotetunnus</COLUMN_T><TOOL_TIP_T>Tuotetunnus</TOOL_TIP_T><HELP_T/></MDRS_W_UIT_TEXT><MDRS_W_UIT_TEXT><MO_NAME>PDM_PRODUCT_ID</MO_NAME><VERSION_ID>0000000000</VERSION_ID><LANGU>V</LANGU><DB_KEY>ABY+Ar1OHtO14c4s5nEH7Q==</DB_KEY><PARENT_KEY>ABY+ARTwHuCDgJl9zyQ1TQ==</PARENT_KEY><UUID>ABY+Ar1OHtO14c4s5nEn7Q==</UUID><SHORT_T>Produkt-ID</SHORT_T><COLUMN_T>Produkt-ID</COLUMN_T><TOOL_TIP_T>Produktidentifikator</TOOL_TIP_T><HELP_T/></MDRS_W_UIT_TEXT><MDRS_W_UIT_TEXT><MO_NAME>ODATA_SVC_OBJECT_ID</MO_NAME><VERSION_ID>0000000000</VERSION_ID><LANGU>C</LANGU><DB_KEY>ABY+IdIdHuilgUb9enIAzw==</DB_KEY><PARENT_KEY>ABY+Emf1HtiLzSakkmkSRA==</PARENT_KEY><UUID>ABY+IdIdHuilgUb9enIgzw==</UUID><SHORT_T>ID objektu</SHORT_T><COLUMN_T>ID objektu</COLUMN_T><TOOL_TIP_T/><HELP_T/></MDRS_W_UIT_TEXT><MDRS_W_UIT_TEXT><MO_NAME>ODATA_SVC_OBJECT_ID</MO_NAME><VERSION_ID>0000000000</VERSION_ID><LANGU>E</LANGU><DB_KEY>ABY+Emf1HtiLzSakkmlSRA==</DB_KEY><PARENT_KEY>ABY+Emf1HtiLzSakkmkSRA==</PARENT_KEY><UUID>ABY+Emf1HtiLzSakkmmyRA==</UUID><SHORT_T>Object ID</SHORT_T><COLUMN_T>Object ID</COLUMN_T><TOOL_TIP_T/><HELP_T/></MDRS_W_UIT_TEXT><MDRS_W_UIT_TEXT><MO_NAME>ODATA_SVC_OBJECT_ID</MO_NAME><VERSION_ID>0000000000</VERSION_ID><LANGU>O</LANGU><DB_KEY>ABY+IdIdHtiTwNXhWKcJAg==</DB_KEY><PARENT_KEY>ABY+Emf1HtiLzSakkmkSRA==</PARENT_KEY><UUID>ABY+IdIdHtiTwNXhWKcpAg==</UUID><SHORT_T>Objekt-ID</SHORT_T><COLUMN_T>Objekt-ID</COLUMN_T><TOOL_TIP_T/><HELP_T/></MDRS_W_UIT_TEXT><MDRS_W_UIT_TEXT><MO_NAME>ODATA_SVC_OBJECT_ID</MO_NAME><VERSION_ID>0000000000</VERSION_ID><LANGU>R</LANGU><DB_KEY>ABY+IdIdHuilgXK3cRLA9w==</DB_KEY><PARENT_KEY>ABY+Emf1HtiLzSakkmkSRA==</PARENT_KEY><UUID>ABY+IdIdHuilgXK3cRLg9w==</UUID><SHORT_T>Ид. объекта</SHORT_T><COLUMN_T>Ид. объекта</COLUMN_T><TOOL_TIP_T/><HELP_T/></MDRS_W_UIT_TEXT><MDRS_W_UIT_TEXT><MO_NAME>ODATA_SVC_OBJECT_ID</MO_NAME><VERSION_ID>0000000000</VERSION_ID><LANGU>T</LANGU><DB_KEY>ABY+IdIdHuilgXrKnMIA+w==</DB_KEY><PARENT_KEY>ABY+Emf1HtiLzSakkmkSRA==</PARENT_KEY><UUID>ABY+IdIdHuilgXrKnMIg+w==</UUID><SHORT_T>Nesne Numarası</SHORT_T><COLUMN_T>Nesne Numarası</COLUMN_T><TOOL_TIP_T/><HELP_T/></MDRS_W_UIT_TEXT><MDRS_W_UIT_TEXT><MO_NAME>ODATA_SVC_OBJECT_ID</MO_NAME><VERSION_ID>0000000000</VERSION_ID><LANGU>U</LANGU><DB_KEY>ABY+IdIdHuilgUY+uerAzw==</DB_KEY><PARENT_KEY>ABY+Emf1HtiLzSakkmkSRA==</PARENT_KEY><UUID>ABY+IdIdHuilgUY+uergzw==</UUID><SHORT_T>Objektitunnus</SHORT_T><COLUMN_T>Objektitunnus</COLUMN_T><TOOL_TIP_T/><HELP_T/></MDRS_W_UIT_TEXT><MDRS_W_UIT_TEXT><MO_NAME>PDM_BASE_UOM</MO_NAME><VERSION_ID>0000000000</VERSION_ID><LANGU>1</LANGU><DB_KEY>ABY+ARSdHuCPxRzDLVgSfA==</DB_KEY><PARENT_KEY>ABY+ARTwHuCDgFy7ioY0uQ==</PARENT_KEY><UUID>ABY+ARSdHuCPxRzDLVgyfA==</UUID><SHORT_T>基本计量单位</SHORT_T><COLUMN_T>基本计量单位</COLUMN_T><TOOL_TIP_T>基本计量单位</TOOL_TIP_T><HELP_T/></MDRS_W_UIT_TEXT><MDRS_W_UIT_TEXT><MO_NAME>PDM_BASE_UOM</MO_NAME><VERSION_ID>0000000000</VERSION_ID><LANGU>3</LANGU><DB_KEY>ABY+Ar1OHuSOwq4wXaEMbA==</DB_KEY><PARENT_KEY>ABY+ARTwHuCDgFy7ioY0uQ==</PARENT_KEY><UUID>ABY+Ar1OHuSOwq4wXaEsbA==</UUID><SHORT_T>기본 단위</SHORT_T><COLUMN_T>기본 단위</COLUMN_T><TOOL_TIP_T>기본 단위</TOOL_TIP_T><HELP_T/></MDRS_W_UIT_TEXT><MDRS_W_UIT_TEXT><MO_NAME>PDM_BASE_UOM</MO_NAME><VERSION_ID>0000000000</VERSION_ID><LANGU>B</LANGU><DB_KEY>ABY+HApLHuaT7pBgi72HYQ==</DB_KEY><PARENT_KEY>ABY+ARTwHuCDgFy7ioY0uQ==</PARENT_KEY><UUID>ABY+HApLHuaT7pBgi72nYQ==</UUID><SHORT_T>יחידת מידה בסיסית</SHORT_T><COLUMN_T>יחידת מידה בסיסית</COLUMN_T><TOOL_TIP_T>יחידת מידה בסיסית</TOOL_TIP_T><HELP_T/></MDRS_W_UIT_TEXT><MDRS_W_UIT_TEXT><MO_NAME>PDM_BASE_UOM</MO_NAME><VERSION_ID>0000000000</VERSION_ID><LANGU>C</LANGU><DB_KEY>ABY+Ar1OHtGkjcKx6nOVQw==</DB_KEY><PARENT_KEY>ABY+ARTwHuCDgFy7ioY0uQ==</PARENT_KEY><UUID>ABY+Ar1OHtGkjcKx6nO1Qw==</UUID><SHORT_T>Základní MJ</SHORT_T><COLUMN_T>Základní MJ</COLUMN_T><TOOL_TIP_T>Základní měrná jednotka</TOOL_TIP_T><HELP_T/></MDRS_W_UIT_TEXT><MDRS_W_UIT_TEXT><MO_NAME>PDM_BASE_UOM</MO_NAME><VERSION_ID>0000000000</VERSION_ID><LANGU>D</LANGU><DB_KEY>ABY+ARSdHuCQgmBj7XPLnQ==</DB_KEY><PARENT_KEY>ABY+ARTwHuCDgFy7ioY0uQ==</PARENT_KEY><UUID>ABY+ARSdHuCQgmBj7XPrnQ==</UUID><SHORT_T>Basis-ME</SHORT_T><COLUMN_T>Basis-ME</COLUMN_T><TOOL_TIP_T>Basismengeneinheit</TOOL_TIP_T><HELP_T/></MDRS_W_UIT_TEXT><MDRS_W_UIT_TEXT><MO_NAME>PDM_BASE_UOM</MO_NAME><VERSION_ID>0000000000</VERSION_ID><LANGU>E</LANGU><DB_KEY>ABY+ARTwHuCDgFy7ioa0uQ==</DB_KEY><PARENT_KEY>ABY+ARTwHuCDgFy7ioY0uQ==</PARENT_KEY><UUID>ABY+ARTwHuCDgFy7ioaUuQ==</UUID><SHORT_T>Base UoM</SHORT_T><COLUMN_T>Base UoM</COLUMN_T><TOOL_TIP_T>Base Unit of Measure</TOOL_TIP_T><HELP_T/></MDRS_W_UIT_TEXT><MDRS_W_UIT_TEXT><MO_NAME>PDM_BASE_UOM</MO_NAME><VERSION_ID>0000000000</VERSION_ID><LANGU>F</LANGU><DB_KEY>ABY+ARSdHtCO5jRikJlMrA==</DB_KEY><PARENT_KEY>ABY+ARTwHuCDgFy7ioY0uQ==</PARENT_KEY><UUID>ABY+ARSdHtCO5jRikJlsrA==</UUID><SHORT_T>Unité de quantité de base</SHORT_T><COLUMN_T>Unité de quantité de base</COLUMN_T><TOOL_TIP_T>Unité de quantité de base</TOOL_TIP_T><HELP_T/></MDRS_W_UIT_TEXT><MDRS_W_UIT_TEXT><MO_NAME>PDM_BASE_UOM</MO_NAME><VERSION_ID>0000000000</VERSION_ID><LANGU>I</LANGU><DB_KEY>ABY+ARSdHuCPwaq8e53KDA==</DB_KEY><PARENT_KEY>ABY+ARTwHuCDgFy7ioY0uQ==</PARENT_KEY><UUID>ABY+ARSdHuCPwaq8e53qDA==</UUID><SHORT_T>Unità di misura di base</SHORT_T><COLUMN_T>Unità di misura di base</COLUMN_T><TOOL_TIP_T>Unità di misura di base</TOOL_TIP_T><HELP_T/></MDRS_W_UIT_TEXT><MDRS_W_UIT_TEXT><MO_NAME>PDM_BASE_UOM</MO_NAME><VERSION_ID>0000000000</VERSION_ID><LANGU>J</LANGU><DB_KEY>ABY+Ar1OHtKp5jvN/4qTpg==</DB_KEY><PARENT_KEY>ABY+ARTwHuCDgFy7ioY0uQ==</PARENT_KEY><UUID>ABY+Ar1OHtKp5jvN/4qzpg==</UUID><SHORT_T>基本数量単位</SHORT_T><COLUMN_T>基本数量単位</COLUMN_T><TOOL_TIP_T>基本数量単位</TOOL_TIP_T><HELP_T/></MDRS_W_UIT_TEXT><MDRS_W_UIT_TEXT><MO_NAME>PDM_BASE_UOM</MO_NAME><VERSION_ID>0000000000</VERSION_ID><LANGU>L</LANGU><DB_KEY>ABY+Ar1OHtGkjcKyV/GVQw==</DB_KEY><PARENT_KEY>ABY+ARTwHuCDgFy7ioY0uQ==</PARENT_KEY><UUID>ABY+Ar1OHtGkjcKyV/G1Qw==</UUID><SHORT_T>Podstawowa jednostka miary</SHORT_T><COLUMN_T>Podstawowa jednostka miary</COLUMN_T><TOOL_TIP_T>Podstawowa jednostka miary</TOOL_TIP_T><HELP_T/></MDRS_W_UIT_TEXT><MDRS_W_UIT_TEXT><MO_NAME>PDM_BASE_UOM</MO_NAME><VERSION_ID>0000000000</VERSION_ID><LANGU>N</LANGU><DB_KEY>ABY+Ar1OHuGfsSpYHNodyg==</DB_KEY><PARENT_KEY>ABY+ARTwHuCDgFy7ioY0uQ==</PARENT_KEY><UUID>ABY+Ar1OHuGfsSpYHNo9yg==</UUID><SHORT_T>Basishoeveelheidseenheid</SHORT_T><COLUMN_T>Basishoeveelheidseenheid</COLUMN_T><TOOL_TIP_T>Basishoeveelheidseenheid</TOOL_TIP_T><HELP_T/></MDRS_W_UIT_TEXT><MDRS_W_UIT_TEXT><MO_NAME>PDM_BASE_UOM</MO_NAME><VERSION_ID>0000000000</VERSION_ID><LANGU>O</LANGU><DB_KEY>ABY+Ar1OHtSTzOxWMI2ZRQ==</DB_KEY><PARENT_KEY>ABY+ARTwHuCDgFy7ioY0uQ==</PARENT_KEY><UUID>ABY+Ar1OHtSTzOxWMI25RQ==</UUID><SHORT_T>Basismåleenhet</SHORT_T><COLUMN_T>Basismåleenhet</COLUMN_T><TOOL_TIP_T>Basismåleenhet</TOOL_TIP_T><HELP_T/></MDRS_W_UIT_TEXT><MDRS_W_UIT_TEXT><MO_NAME>PDM_BASE_UOM</MO_NAME><VERSION_ID>0000000000</VERSION_ID><LANGU>P</LANGU><DB_KEY>ABY+ARSdHuCO75HEEB9CkQ==</DB_KEY><PARENT_KEY>ABY+ARTwHuCDgFy7ioY0uQ==</PARENT_KEY><UUID>ABY+ARSdHuCO75HEEB9ikQ==</UUID><SHORT_T>Unidade básica de medida</SHORT_T><COLUMN_T>Unidade básica de medida</COLUMN_T><TOOL_TIP_T>Unidade básica de medida</TOOL_TIP_T><HELP_T/></MDRS_W_UIT_TEXT><MDRS_W_UIT_TEXT><MO_NAME>PDM_BASE_UOM</MO_NAME><VERSION_ID>0000000000</VERSION_ID><LANGU>R</LANGU><DB_KEY>ABY+Ar1OHtO14gQYSsXIKQ==</DB_KEY><PARENT_KEY>ABY+ARTwHuCDgFy7ioY0uQ==</PARENT_KEY><UUID>ABY+Ar1OHtO14gQYSsXoKQ==</UUID><SHORT_T>Базовая единица измерения</SHORT_T><COLUMN_T>Базовая единица измерения</COLUMN_T><TOOL_TIP_T>Базовая единица измерения</TOOL_TIP_T><HELP_T/></MDRS_W_UIT_TEXT><MDRS_W_UIT_TEXT><MO_NAME>PDM_BASE_UOM</MO_NAME><VERSION_ID>0000000000</VERSION_ID><LANGU>S</LANGU><DB_KEY>ABY+ARSdHuCO2gFDwZCOSA==</DB_KEY><PARENT_KEY>ABY+ARTwHuCDgFy7ioY0uQ==</PARENT_KEY><UUID>ABY+ARSdHuCO2gFDwZCuSA==</UUID><SHORT_T>Unidad de medida base</SHORT_T><COLUMN_T>Unidad de medida base</COLUMN_T><TOOL_TIP_T>Unidad de medida base</TOOL_TIP_T><HELP_T/></MDRS_W_UIT_TEXT><MDRS_W_UIT_TEXT><MO_NAME>PDM_BASE_UOM</MO_NAME><VERSION_ID>0000000000</VERSION_ID><LANGU>T</LANGU><DB_KEY>ABY+Ar1OHuSW4qF9S/kFGw==</DB_KEY><PARENT_KEY>ABY+ARTwHuCDgFy7ioY0uQ==</PARENT_KEY><UUID>ABY+Ar1OHuSW4qF9S/klGw==</UUID><SHORT_T>Temel ÖB</SHORT_T><COLUMN_T>Temel ÖB</COLUMN_T><TOOL_TIP_T>Temel Ölçü Birimi</TOOL_TIP_T><HELP_T/></MDRS_W_UIT_TEXT><MDRS_W_UIT_TEXT><MO_NAME>PDM_BASE_UOM</MO_NAME><VERSION_ID>0000000000</VERSION_ID><LANGU>U</LANGU><DB_KEY>ABY+Ar1OHtO14jnFj2GIng==</DB_KEY><PARENT_KEY>ABY+ARTwHuCDgFy7ioY0uQ==</PARENT_KEY><UUID>ABY+Ar1OHtO14jnFj2Gong==</UUID><SHORT_T>Perus-MY</SHORT_T><COLUMN_T>Perus-MY</COLUMN_T><TOOL_TIP_T>Perusmääräyksikkö</TOOL_TIP_T><HELP_T/></MDRS_W_UIT_TEXT><MDRS_W_UIT_TEXT><MO_NAME>PDM_BASE_UOM</MO_NAME><VERSION_ID>0000000000</VERSION_ID><LANGU>V</LANGU><DB_KEY>ABY+Ar1OHtO14c28wh5H7Q==</DB_KEY><PARENT_KEY>ABY+ARTwHuCDgFy7ioY0uQ==</PARENT_KEY><UUID>ABY+Ar1OHtO14c28wh5n7Q==</UUID><SHORT_T>Basmängdenhet</SHORT_T><COLUMN_T>Basmängdenhet</COLUMN_T><TOOL_TIP_T>Basmängdenhet</TOOL_TIP_T><HELP_T/></MDRS_W_UIT_TEXT><MDRS_W_UIT_TEXT><MO_NAME>PDM_PRODUCT_DESCRIPTION</MO_NAME><VERSION_ID>0000000000</VERSION_ID><LANGU>1</LANGU><DB_KEY>ABY+ARSdHuCGqEsl/roRlQ==</DB_KEY><PARENT_KEY>ABY+ARTkHuCC/9sUkJK6lQ==</PARENT_KEY><UUID>ABY+ARSdHuCGqEsl/roxlQ==</UUID><SHORT_T>产品描述</SHORT_T><COLUMN_T>产品描述</COLUMN_T><TOOL_TIP_T/><HELP_T/></MDRS_W_UIT_TEXT><MDRS_W_UIT_TEXT><MO_NAME>PDM_PRODUCT_DESCRIPTION</MO_NAME><VERSION_ID>0000000000</VERSION_ID><LANGU>3</LANGU><DB_KEY>ABY+Ar1OHuSOwq7HXPCMbA==</DB_KEY><PARENT_KEY>ABY+ARTkHuCC/9sUkJK6lQ==</PARENT_KEY><UUID>ABY+Ar1OHuSOwq7HXPCsbA==</UUID><SHORT_T>제품 내역</SHORT_T><COLUMN_T>제품 내역</COLUMN_T><TOOL_TIP_T/><HELP_T/></MDRS_W_UIT_TEXT><MDRS_W_UIT_TEXT><MO_NAME>PDM_PRODUCT_DESCRIPTION</MO_NAME><VERSION_ID>0000000000</VERSION_ID><LANGU>B</LANGU><DB_KEY>ABY+HApLHuaT7pB+vszHYg==</DB_KEY><PARENT_KEY>ABY+ARTkHuCC/9sUkJK6lQ==</PARENT_KEY><UUID>ABY+HApLHuaT7pB+vsznYg==</UUID><SHORT_T>תיאור מוצר</SHORT_T><COLUMN_T>תיאור מוצר</COLUMN_T><TOOL_TIP_T/><HELP_T/></MDRS_W_UIT_TEXT><MDRS_W_UIT_TEXT><MO_NAME>PDM_PRODUCT_DESCRIPTION</MO_NAME><VERSION_ID>0000000000</VERSION_ID><LANGU>C</LANGU><DB_KEY>ABY+Ar1OHtGkjcL+e03VQw==</DB_KEY><PARENT_KEY>ABY+ARTkHuCC/9sUkJK6lQ==</PARENT_KEY><UUID>ABY+Ar1OHtGkjcL+e031Qw==</UUID><SHORT_T>Popis produktu</SHORT_T><COLUMN_T>Popis produktu</COLUMN_T><TOOL_TIP_T/><HELP_T/></MDRS_W_UIT_TEXT><MDRS_W_UIT_TEXT><MO_NAME>PDM_PRODUCT_DESCRIPTION</MO_NAME><VERSION_ID>0000000000</VERSION_ID><LANGU>D</LANGU><DB_KEY>ABY+ARSdHuCKkMQi6geeVQ==</DB_KEY><PARENT_KEY>ABY+ARTkHuCC/9sUkJK6lQ==</PARENT_KEY><UUID>ABY+ARSdHuCKkMQi6ge+VQ==</UUID><SHORT_T>Produktbeschreibung</SHORT_T><COLUMN_T>Produktbeschreibung</COLUMN_T><TOOL_TIP_T/><HELP_T/></MDRS_W_UIT_TEXT><MDRS_W_UIT_TEXT><MO_NAME>PDM_PRODUCT_DESCRIPTION</MO_NAME><VERSION_ID>0000000000</VERSION_ID><LANGU>E</LANGU><DB_KEY>ABY+ARTkHuCC/9sUkJM6lQ==</DB_KEY><PARENT_KEY>ABY+ARTkHuCC/9sUkJK6lQ==</PARENT_KEY><UUID>ABY+ARTkHuCC/9sUkJMalQ==</UUID><SHORT_T>Product Description</SHORT_T><COLUMN_T>Product Description</COLUMN_T><TOOL_TIP_T/><HELP_T/></MDRS_W_UIT_TEXT><MDRS_W_UIT_TEXT><MO_NAME>PDM_PRODUCT_DESCRIPTION</MO_NAME><VERSION_ID>0000000000</VERSION_ID><LANGU>F</LANGU><DB_KEY>ABY+ARSdHtCHy94dUXZCcQ==</DB_KEY><PARENT_KEY>ABY+ARTkHuCC/9sUkJK6lQ==</PARENT_KEY><UUID>ABY+ARSdHtCHy94dUXZicQ==</UUID><SHORT_T>Description produit</SHORT_T><COLUMN_T>Description produit</COLUMN_T><TOOL_TIP_T/><HELP_T/></MDRS_W_UIT_TEXT><MDRS_W_UIT_TEXT><MO_NAME>PDM_PRODUCT_DESCRIPTION</MO_NAME><VERSION_ID>0000000000</VERSION_ID><LANGU>I</LANGU><DB_KEY>ABY+ARSdHtCHzT/kPuAFaw==</DB_KEY><PARENT_KEY>ABY+ARTkHuCC/9sUkJK6lQ==</PARENT_KEY><UUID>ABY+ARSdHtCHzT/kPuAlaw==</UUID><SHORT_T>Descrizione prodotto</SHORT_T><COLUMN_T>Descrizione prodotto</COLUMN_T><TOOL_TIP_T/><HELP_T/></MDRS_W_UIT_TEXT><MDRS_W_UIT_TEXT><MO_NAME>PDM_PRODUCT_DESCRIPTION</MO_NAME><VERSION_ID>0000000000</VERSION_ID><LANGU>J</LANGU><DB_KEY>ABY+Ar1OHtKp5jyyQ7UTpg==</DB_KEY><PARENT_KEY>ABY+ARTkHuCC/9sUkJK6lQ==</PARENT_KEY><UUID>ABY+Ar1OHtKp5jyyQ7Uzpg==</UUID><SHORT_T>製品テキスト</SHORT_T><COLUMN_T>製品テキスト</COLUMN_T><TOOL_TIP_T/><HELP_T/></MDRS_W_UIT_TEXT><MDRS_W_UIT_TEXT><MO_NAME>PDM_PRODUCT_DESCRIPTION</MO_NAME><VERSION_ID>0000000000</VERSION_ID><LANGU>L</LANGU><DB_KEY>ABY+Ar1OHtGkjcL+YY1VQw==</DB_KEY><PARENT_KEY>ABY+ARTkHuCC/9sUkJK6lQ==</PARENT_KEY><UUID>ABY+Ar1OHtGkjcL+YY11Qw==</UUID><SHORT_T>Opis produktu</SHORT_T><COLUMN_T>Opis produktu</COLUMN_T><TOOL_TIP_T/><HELP_T/></MDRS_W_UIT_TEXT><MDRS_W_UIT_TEXT><MO_NAME>PDM_PRODUCT_DESCRIPTION</MO_NAME><VERSION_ID>0000000000</VERSION_ID><LANGU>N</LANGU><DB_KEY>ABY+Ar1OHuGfsSp+Kgcdyg==</DB_KEY><PARENT_KEY>ABY+ARTkHuCC/9sUkJK6lQ==</PARENT_KEY><UUID>ABY+Ar1OHuGfsSp+Kgc9yg==</UUID><SHORT_T>Productomschrijving</SHORT_T><COLUMN_T>Productomschrijving</COLUMN_T><TOOL_TIP_T/><HELP_T/></MDRS_W_UIT_TEXT><MDRS_W_UIT_TEXT><MO_NAME>PDM_PRODUCT_DESCRIPTION</MO_NAME><VERSION_ID>0000000000</VERSION_ID><LANGU>O</LANGU><DB_KEY>ABY+Ar1OHtO14jBHpgCIeA==</DB_KEY><PARENT_KEY>ABY+ARTkHuCC/9sUkJK6lQ==</PARENT_KEY><UUID>ABY+Ar1OHtO14jBHpgCoeA==</UUID><SHORT_T>Produktbeskrivelse</SHORT_T><COLUMN_T>Produktbeskrivelse</COLUMN_T><TOOL_TIP_T/><HELP_T/></MDRS_W_UIT_TEXT><MDRS_W_UIT_TEXT><MO_NAME>PDM_PRODUCT_DESCRIPTION</MO_NAME><VERSION_ID>0000000000</VERSION_ID><LANGU>P</LANGU><DB_KEY>ABY+ARSdHtCHsJ+kvBaBEw==</DB_KEY><PARENT_KEY>ABY+ARTkHuCC/9sUkJK6lQ==</PARENT_KEY><UUID>ABY+ARSdHtCHsJ+kvBahEw==</UUID><SHORT_T>Descrição do produto</SHORT_T><COLUMN_T>Descrição do produto</COLUMN_T><TOOL_TIP_T/><HELP_T/></MDRS_W_UIT_TEXT><MDRS_W_UIT_TEXT><MO_NAME>PDM_PRODUCT_DESCRIPTION</MO_NAME><VERSION_ID>0000000000</VERSION_ID><LANGU>R</LANGU><DB_KEY>ABY+Ar1OHtO14gSLM6DIKQ==</DB_KEY><PARENT_KEY>ABY+ARTkHuCC/9sUkJK6lQ==</PARENT_KEY><UUID>ABY+Ar1OHtO14gSLM6DoKQ==</UUID><SHORT_T>Описание продукта</SHORT_T><COLUMN_T>Описание продукта</COLUMN_T><TOOL_TIP_T/><HELP_T/></MDRS_W_UIT_TEXT><MDRS_W_UIT_TEXT><MO_NAME>PDM_PRODUCT_DESCRIPTION</MO_NAME><VERSION_ID>0000000000</VERSION_ID><LANGU>S</LANGU><DB_KEY>ABY+ARSdHtCH0XO4ZA4OmQ==</DB_KEY><PARENT_KEY>ABY+ARTkHuCC/9sUkJK6lQ==</PARENT_KEY><UUID>ABY+ARSdHtCH0XO4ZA4umQ==</UUID><SHORT_T>Descripción de producto</SHORT_T><COLUMN_T>Descripción de producto</COLUMN_T><TOOL_TIP_T/><HELP_T/></MDRS_W_UIT_TEXT><MDRS_W_UIT_TEXT><MO_NAME>PDM_PRODUCT_DESCRIPTION</MO_NAME><VERSION_ID>0000000000</VERSION_ID><LANGU>T</LANGU><DB_KEY>ABY+Ar1OHuSW4qJhrBJFHA==</DB_KEY><PARENT_KEY>ABY+ARTkHuCC/9sUkJK6lQ==</PARENT_KEY><UUID>ABY+Ar1OHuSW4qJhrBJlHA==</UUID><SHORT_T>Ürün Tanımı</SHORT_T><COLUMN_T>Ürün Tanımı</COLUMN_T><TOOL_TIP_T/><HELP_T/></MDRS_W_UIT_TEXT><MDRS_W_UIT_TEXT><MO_NAME>PDM_PRODUCT_DESCRIPTION</MO_NAME><VERSION_ID>0000000000</VERSION_ID><LANGU>U</LANGU><DB_KEY>ABY+Ar1OHtO14jp8Pb1Ing==</DB_KEY><PARENT_KEY>ABY+ARTkHuCC/9sUkJK6lQ==</PARENT_KEY><UUID>ABY+Ar1OHtO14jp8Pb1ong==</UUID><SHORT_T>Tuotekuvaus</SHORT_T><COLUMN_T>Tuotekuvaus</COLUMN_T><TOOL_TIP_T/><HELP_T/></MDRS_W_UIT_TEXT><MDRS_W_UIT_TEXT><MO_NAME>PDM_PRODUCT_DESCRIPTION</MO_NAME><VERSION_ID>0000000000</VERSION_ID><LANGU>V</LANGU><DB_KEY>ABY+Ar1OHtO14c4s5nDH7Q==</DB_KEY><PARENT_KEY>ABY+ARTkHuCC/9sUkJK6lQ==</PARENT_KEY><UUID>ABY+Ar1OHtO14c4s5nDn7Q==</UUID><SHORT_T>Produktbeskrivning</SHORT_T><COLUMN_T>Produktbeskrivning</COLUMN_T><TOOL_TIP_T/><HELP_T/></MDRS_W_UIT_TEXT></UITEXT_DESC><CODELIST_METADTA><ODATA_EXT_DEF_CLIST_PROP><CLIENT>171</CLIENT><NODE_ID>ABY+dKdcHtmGyP54Q2bzVQ==</NODE_ID><PARENT_NODE_ID>ABY+dKdcHtmGyP54Q2azVQ==</PARENT_NODE_ID><ROOT_NODE_ID>ABY+dKdcHtmGyPW/GHCzUQ==</ROOT_NODE_ID><MO_NAME/><RESOLVED_BO_ELEMENT_NAME>DESCRIPTION-LANGUAGE_CODE</RESOLVED_BO_ELEMENT_NAME><RESOLVED_BO_NAME>PDM_MATERIAL</RESOLVED_BO_NAME><RESOLVED_BO_NODE_NAME>DESCRIPTION</RESOLVED_BO_NODE_NAME><UUID>ABY+dKdcHtmGyP54Q2cTVQ==</UUID><RESOLVED_BO_NODE_DO_PREFIX/></ODATA_EXT_DEF_CLIST_PROP><ODATA_EXT_DEF_CLIST_PROP><CLIENT>171</CLIENT><NODE_ID>ABY+dKdcHtmGyQA2mwmzVQ==</NODE_ID><PARENT_NODE_ID>ABY+dKdcHtmGyQA2mwlzVQ==</PARENT_NODE_ID><ROOT_NODE_ID>ABY+dKdcHtmGyPW/GHCzUQ==</ROOT_NODE_ID><MO_NAME/><RESOLVED_BO_ELEMENT_NAME>BASE_MEASURE_UNIT_CODE</RESOLVED_BO_ELEMENT_NAME><RESOLVED_BO_NAME>PDM_MATERIAL</RESOLVED_BO_NAME><RESOLVED_BO_NODE_NAME>COMMON</RESOLVED_BO_NODE_NAME><UUID>ABY+dKdcHtmGyQA2mwnTVQ==</UUID><RESOLVED_BO_NODE_DO_PREFIX/></ODATA_EXT_DEF_CLIST_PROP></CODELIST_METADTA><INCLUDED_BO_NODE/><EXTERNAL_INFORMATION/></SERVICE></asx:values></asx:abap>