<?xml version="1.0" encoding="utf-8"?><asx:abap version="1.0" xmlns:asx="http://www.sap.com/abapxml"><asx:values><SERVICE><ROOT><CLIENT>171</CLIENT><NODE_ID>ABY+dKdcHumKvKk/Az68vw==</NODE_ID><NAME/><SERVICE_NAME>byd_customer</SERVICE_NAME><SERVICE_NAMESPACE>cust</SERVICE_NAMESPACE><SRVC_NAMESPACE_ALIAS/><DATA_PROVIDER_CLASS/><MODEL_PROVIDER_CLASS/><EXIT_CLASS/><CREATION_DATE_TIME>20190206080038.069862</CREATION_DATE_TIME><CREATION_IDENTITY_UUID>ABY+DiWqHuiSjAn/QVqIhA==</CREATION_IDENTITY_UUID><LAST_CHANGE_DATE_TIME>20190211143711.641504</LAST_CHANGE_DATE_TIME><LAST_CHANGE_IDENTITY_UUID>ABY+DiWqHuiSjAn/QVqIhA==</LAST_CHANGE_IDENTITY_UUID><PACKAGE_NAME/><IS_EXTENSION/><IS_DRAFT/><STATUS_LIFE_CYCLE_STAT>1</STATUS_LIFE_CYCLE_STAT><IMPL_VERSION_CODE>V2</IMPL_VERSION_CODE><START_UI_APPLICATION_ID>/SAP_BYD_APPLICATION_UI/mdm/bpm/bpowl.OWL.uicomponent</START_UI_APPLICATION_ID><CODE_DESCRIPTION_ENABLED/><SERVICE_DATA_BINARY_MIME_CODE/><CHARACTER_SET_CODE/><SERVICE_DATA_BINARY_FORMAT/><SERVICE_DATA_BINARY_FILE_NAME/><SERVICE_DATA_BINARY_URI/><SERVICE_DATA_BINARY/><START_UI_APPLICATION_WOC_NAME/><START_UI_APPLN_WOC_VIEW_NAME>BPM_BUSINESSPARTNERS</START_UI_APPLN_WOC_VIEW_NAME><SERVICE_DOCUMENTATION_URL/><NO_AUTH_CHECK/><KEY_MAPPING_ENABLED/><PDI_SOLUTION_NAMESPACE/><IS_PDI_SOL_INACTIVE/><XODATA_NAME/><SAP_RELEASE>791</SAP_RELEASE><SAP_SUPP_PACKAGE>1</SAP_SUPP_PACKAGE></ROOT><ENTITIES><ODATA_EXTENSION_DEF_EN_001><CLIENT>171</CLIENT><NODE_ID>ABY+dKdcHtmLwUkar12cuQ==</NODE_ID><PARENT_NODE_ID>ABY+dKdcHumKvKk/Az68vw==</PARENT_NODE_ID><MO_NAME/><REF_UUID_KEY_UUID/><REF_UUID_KEY_VERSION_ID>0000000000</REF_UUID_KEY_VERSION_ID><ORDINAL_NUMBER>1</ORDINAL_NUMBER><NAME>Customer</NAME><SADL_XML>&lt;?xml version="1.0" encoding="utf-16"?&gt;&lt;sadl:definition xmlns:sadl="http://sap.com/sap.nw.f.sadl" &gt; &lt;sadl:modes&gt; &lt;sadl:mode type="UI" /&gt; &lt;/sadl:modes&gt; &lt;sadl:dataSource type="BusinessObjectNode" name="DS" binding="CUSTOMER~ROOT" /&gt;&lt;sadl:resultSet&gt;&lt;sadl:structure name="ROOT" dataSource="DS" maxEditMode="RO" type="QUERY_ONLY" &gt; &lt;sadl:query name="SADL_QUERY" &gt; &lt;sadl:inputStructure&gt; &lt;sadl:inputParameter name="INTERNAL_ID" &gt; &lt;sadl:attribute binding="INTERNAL_ID" /&gt; &lt;/sadl:inputParameter&gt; &lt;sadl:inputParameter name="OBJECTID" &gt; &lt;sadl:attribute binding="OBJECTID" /&gt; &lt;/sadl:inputParameter&gt; &lt;sadl:inputParameter name="UUID_CONTENT" &gt; &lt;sadl:attribute binding="UUID_CONTENT" /&gt; &lt;/sadl:inputParameter&gt; &lt;sadl:inputParameter name="BUSINESS_PARTNER_NAME" &gt; &lt;sadl:attribute binding="BUSINESS_PARTNER_NAME" /&gt; &lt;/sadl:inputParameter&gt; &lt;sadl:inputParameter name="OBJECTID1" &gt; &lt;sadl:attribute binding="OBJECTID1" /&gt; &lt;/sadl:inputParameter&gt; &lt;/sadl:inputStructure&gt; &lt;/sadl:query&gt; &lt;sadl:attribute name="BUSINESS_PARTNER_NAME" binding="ass:CURRENT_COMMON/BUSINESS_PARTNER_NAME" /&gt; &lt;sadl:attribute name="INTERNAL_ID" binding="INTERNAL_ID" /&gt; &lt;sadl:attribute name="OBJECTID" binding="NODE_ID" /&gt; &lt;sadl:attribute name="OBJECTID1" binding="ass:CURRENT_COMMON/NODE_ID" /&gt; &lt;sadl:attribute name="UUID_CONTENT" binding="UUID-CONTENT" /&gt;&lt;/sadl:structure&gt;&lt;/sadl:resultSet&gt;&lt;/sadl:definition&gt;</SADL_XML><LEADING_BO_NAME>CUSTOMER</LEADING_BO_NAME><SADL_LAST_CHANGE_DATE_TIME>20190211150446.14061</SADL_LAST_CHANGE_DATE_TIME><ENTRY_TITLE_PROPERTY_BINDING/><CORE_ENT_LAST_CHANGE_DATE_TIME>0.0</CORE_ENT_LAST_CHANGE_DATE_TIME><LEADING_BO_NODE_NAME>ROOT</LEADING_BO_NODE_NAME><ENTRY_AUTHOR_PROPERTY_BINDING/><ENTRY_CRE_AT_PROPERTY_BINDING/><ENTRY_UPD_AT_PROPERTY_BINDING/><IS_CREATABLE>X</IS_CREATABLE><IS_UPDATABLE>X</IS_UPDATABLE><IS_DELETABLE>X</IS_DELETABLE><DEFAULT_ENTITY_SET_NAME>CustomerCollection</DEFAULT_ENTITY_SET_NAME><RBAM_UI_APPLICATION_ID/><LAST_CHANGE_DATE_TIME>0.0</LAST_CHANGE_DATE_TIME><DO_PREFIX/><PREDECESSOR_ENTITY_UUID/><START_UI_APPLICATION_WOC_NAME/><START_UI_APPLN_WOC_VIEW_NAME/><IS_CODELIST_ENTITY_TYPE/><UI_TEXT_KEY_NAME>CUSTOMER</UI_TEXT_KEY_NAME><UI_TEXT_KEY_VERSION_ID>0000000000</UI_TEXT_KEY_VERSION_ID><UITXT_REDEF_IND/></ODATA_EXTENSION_DEF_EN_001></ENTITIES><PROPERTIES><ODATA_EXTENSION_DEF_PR_001><CLIENT>171</CLIENT><NODE_ID>ABY+dKdcHtmLwUkar118uQ==</NODE_ID><PARENT_NODE_ID>ABY+dKdcHtmLwUkar12cuQ==</PARENT_NODE_ID><ROOT_NODE_ID>ABY+dKdcHumKvKk/Az68vw==</ROOT_NODE_ID><MO_NAME/><ORDINAL_NUMBER>11</ORDINAL_NUMBER><NAME>InternalID</NAME><DATA_TYPE>String</DATA_TYPE><IS_COMPLEX/><ABAP_DT_NAME>INTERNAL_ID</ABAP_DT_NAME><BO_PATH>INTERNAL_ID</BO_PATH><COMPLEX_TYPE_UUID/><IS_CODE_TYPE/><IS_CREATABLE>X</IS_CREATABLE><IS_UPDATABLE>X</IS_UPDATABLE><IS_NULLABLE>X</IS_NULLABLE><IS_FILTERABLE>X</IS_FILTERABLE><HAS_FIXED_LENGTH>X</HAS_FIXED_LENGTH><MAX_LENGTH>10</MAX_LENGTH><PRECISION_VALUE>10</PRECISION_VALUE><SCALE>0</SCALE><DEFAULT_VALUE/><IS_HIDDEN_IN_EDM/><BO_PATH_WITH_FILTER/><IS_ALPHA_CONV_ALLOWED>X</IS_ALPHA_CONV_ALLOWED><IS_LANGU_CODE/><CODELIST_ENTITY_SET_UUID/><IS_EXTENSION_FIELD/><IS_FREE_SEARCH_ENABLED/><IS_TRASIENT/><IS_INTERNAL/><IS_EXTERNAL/><LOCAL_ID_TYPE/><IS_PARENT_EXTERNAL_KEY/><IS_REF_EXTERNAL_KEY/><USE_EXTERNAL_INFO/><REF_EXT_KEY_UUID_KEY/><EXTERNAL_KEY_LEVEL_CODE/><EXCLUDE_FROM_SADL/><SAM_STATUS_VARIABLE_UUID/><UI_TEXT_KEY_NAME/><UI_TEXT_KEY_VERSION_ID>0000000000</UI_TEXT_KEY_VERSION_ID><UITXT_REDEF_IND/><CONCURRENCY_MODE/><INTERNAL_KEY_LEVEL_CODE/><CONTEXT_PROPERTY_UUID_UUID/><VERSION_ID>0000000000</VERSION_ID><IS_DATE_TYPE/><IS_ETAG_RELEVANT/><BO_NAME>CUSTOMER</BO_NAME><BO_NODE_NAME>ROOT</BO_NODE_NAME><BO_NODE_ELEMENT_PATH>INTERNAL_ID</BO_NODE_ELEMENT_PATH><DO_PREFIX/><IS_DWB_PROP/><IS_MULTI_VALUED/><ENCRYPTED_MAX_LENGTH>0</ENCRYPTED_MAX_LENGTH></ODATA_EXTENSION_DEF_PR_001><ODATA_EXTENSION_DEF_PR_001><CLIENT>171</CLIENT><NODE_ID>ABY+dKdcHtmLwUkar128uQ==</NODE_ID><PARENT_NODE_ID>ABY+dKdcHtmLwUkar12cuQ==</PARENT_NODE_ID><ROOT_NODE_ID>ABY+dKdcHumKvKk/Az68vw==</ROOT_NODE_ID><MO_NAME/><ORDINAL_NUMBER>1</ORDINAL_NUMBER><NAME>ObjectID</NAME><DATA_TYPE>String</DATA_TYPE><IS_COMPLEX/><ABAP_DT_NAME>OBJECTID</ABAP_DT_NAME><BO_PATH>NODE_ID</BO_PATH><COMPLEX_TYPE_UUID/><IS_CODE_TYPE/><IS_CREATABLE/><IS_UPDATABLE/><IS_NULLABLE/><IS_FILTERABLE>X</IS_FILTERABLE><HAS_FIXED_LENGTH>X</HAS_FIXED_LENGTH><MAX_LENGTH>70</MAX_LENGTH><PRECISION_VALUE>70</PRECISION_VALUE><SCALE>0</SCALE><DEFAULT_VALUE/><IS_HIDDEN_IN_EDM/><BO_PATH_WITH_FILTER/><IS_ALPHA_CONV_ALLOWED/><IS_LANGU_CODE/><CODELIST_ENTITY_SET_UUID/><IS_EXTENSION_FIELD/><IS_FREE_SEARCH_ENABLED/><IS_TRASIENT/><IS_INTERNAL/><IS_EXTERNAL/><LOCAL_ID_TYPE/><IS_PARENT_EXTERNAL_KEY/><IS_REF_EXTERNAL_KEY/><USE_EXTERNAL_INFO/><REF_EXT_KEY_UUID_KEY/><EXTERNAL_KEY_LEVEL_CODE/><EXCLUDE_FROM_SADL/><SAM_STATUS_VARIABLE_UUID/><UI_TEXT_KEY_NAME>ODATA_SVC_OBJECT_ID</UI_TEXT_KEY_NAME><UI_TEXT_KEY_VERSION_ID>0000000000</UI_TEXT_KEY_VERSION_ID><UITXT_REDEF_IND/><CONCURRENCY_MODE/><INTERNAL_KEY_LEVEL_CODE/><CONTEXT_PROPERTY_UUID_UUID/><VERSION_ID>0000000000</VERSION_ID><IS_DATE_TYPE/><IS_ETAG_RELEVANT/><BO_NAME/><BO_NODE_NAME/><BO_NODE_ELEMENT_PATH/><DO_PREFIX/><IS_DWB_PROP/><IS_MULTI_VALUED/><ENCRYPTED_MAX_LENGTH>0</ENCRYPTED_MAX_LENGTH></ODATA_EXTENSION_DEF_PR_001><ODATA_EXTENSION_DEF_PR_001><CLIENT>171</CLIENT><NODE_ID>ABY+dKdcHtmLwUu2RRa8uw==</NODE_ID><PARENT_NODE_ID>ABY+dKdcHtmLwUkar12cuQ==</PARENT_NODE_ID><ROOT_NODE_ID>ABY+dKdcHumKvKk/Az68vw==</ROOT_NODE_ID><MO_NAME/><ORDINAL_NUMBER>12</ORDINAL_NUMBER><NAME>UUID</NAME><DATA_TYPE>Guid</DATA_TYPE><IS_COMPLEX/><ABAP_DT_NAME>UUID_CONTENT</ABAP_DT_NAME><BO_PATH>UUID-CONTENT</BO_PATH><COMPLEX_TYPE_UUID/><IS_CODE_TYPE/><IS_CREATABLE/><IS_UPDATABLE/><IS_NULLABLE>X</IS_NULLABLE><IS_FILTERABLE>X</IS_FILTERABLE><HAS_FIXED_LENGTH>X</HAS_FIXED_LENGTH><MAX_LENGTH>36</MAX_LENGTH><PRECISION_VALUE>36</PRECISION_VALUE><SCALE>0</SCALE><DEFAULT_VALUE/><IS_HIDDEN_IN_EDM/><BO_PATH_WITH_FILTER/><IS_ALPHA_CONV_ALLOWED/><IS_LANGU_CODE/><CODELIST_ENTITY_SET_UUID/><IS_EXTENSION_FIELD/><IS_FREE_SEARCH_ENABLED/><IS_TRASIENT/><IS_INTERNAL/><IS_EXTERNAL/><LOCAL_ID_TYPE/><IS_PARENT_EXTERNAL_KEY/><IS_REF_EXTERNAL_KEY/><USE_EXTERNAL_INFO/><REF_EXT_KEY_UUID_KEY/><EXTERNAL_KEY_LEVEL_CODE/><EXCLUDE_FROM_SADL/><SAM_STATUS_VARIABLE_UUID/><UI_TEXT_KEY_NAME/><UI_TEXT_KEY_VERSION_ID>0000000000</UI_TEXT_KEY_VERSION_ID><UITXT_REDEF_IND/><CONCURRENCY_MODE/><INTERNAL_KEY_LEVEL_CODE/><CONTEXT_PROPERTY_UUID_UUID/><VERSION_ID>0000000000</VERSION_ID><IS_DATE_TYPE/><IS_ETAG_RELEVANT/><BO_NAME>CUSTOMER</BO_NAME><BO_NODE_NAME>ROOT</BO_NODE_NAME><BO_NODE_ELEMENT_PATH>UUID-CONTENT</BO_NODE_ELEMENT_PATH><DO_PREFIX/><IS_DWB_PROP/><IS_MULTI_VALUED/><ENCRYPTED_MAX_LENGTH>0</ENCRYPTED_MAX_LENGTH></ODATA_EXTENSION_DEF_PR_001><ODATA_EXTENSION_DEF_PR_001><CLIENT>171</CLIENT><NODE_ID>ABY+dKdcHtmLwU0B8eXcuw==</NODE_ID><PARENT_NODE_ID>ABY+dKdcHtmLwUkar12cuQ==</PARENT_NODE_ID><ROOT_NODE_ID>ABY+dKdcHumKvKk/Az68vw==</ROOT_NODE_ID><MO_NAME/><ORDINAL_NUMBER>13</ORDINAL_NUMBER><NAME>BusinessPartnerName</NAME><DATA_TYPE>String</DATA_TYPE><IS_COMPLEX/><ABAP_DT_NAME>BUSINESS_PARTNER_NAME</ABAP_DT_NAME><BO_PATH>ass:CURRENT_COMMON/BUSINESS_PARTNER_NAME</BO_PATH><COMPLEX_TYPE_UUID/><IS_CODE_TYPE/><IS_CREATABLE/><IS_UPDATABLE/><IS_NULLABLE>X</IS_NULLABLE><IS_FILTERABLE>X</IS_FILTERABLE><HAS_FIXED_LENGTH>X</HAS_FIXED_LENGTH><MAX_LENGTH>40</MAX_LENGTH><PRECISION_VALUE>40</PRECISION_VALUE><SCALE>0</SCALE><DEFAULT_VALUE/><IS_HIDDEN_IN_EDM/><BO_PATH_WITH_FILTER/><IS_ALPHA_CONV_ALLOWED/><IS_LANGU_CODE/><CODELIST_ENTITY_SET_UUID/><IS_EXTENSION_FIELD/><IS_FREE_SEARCH_ENABLED/><IS_TRASIENT/><IS_INTERNAL/><IS_EXTERNAL/><LOCAL_ID_TYPE/><IS_PARENT_EXTERNAL_KEY/><IS_REF_EXTERNAL_KEY/><USE_EXTERNAL_INFO/><REF_EXT_KEY_UUID_KEY/><EXTERNAL_KEY_LEVEL_CODE/><EXCLUDE_FROM_SADL/><SAM_STATUS_VARIABLE_UUID/><UI_TEXT_KEY_NAME/><UI_TEXT_KEY_VERSION_ID>0000000000</UI_TEXT_KEY_VERSION_ID><UITXT_REDEF_IND/><CONCURRENCY_MODE/><INTERNAL_KEY_LEVEL_CODE/><CONTEXT_PROPERTY_UUID_UUID/><VERSION_ID>0000000000</VERSION_ID><IS_DATE_TYPE/><IS_ETAG_RELEVANT/><BO_NAME>CUSTOMER</BO_NAME><BO_NODE_NAME>COMMON</BO_NODE_NAME><BO_NODE_ELEMENT_PATH>BUSINESS_PARTNER_NAME</BO_NODE_ELEMENT_PATH><DO_PREFIX/><IS_DWB_PROP/><IS_MULTI_VALUED/><ENCRYPTED_MAX_LENGTH>0</ENCRYPTED_MAX_LENGTH></ODATA_EXTENSION_DEF_PR_001><ODATA_EXTENSION_DEF_PR_001><CLIENT>171</CLIENT><NODE_ID>ABY+dKdcHtmLwU0B8eW8uw==</NODE_ID><PARENT_NODE_ID>ABY+dKdcHtmLwUkar12cuQ==</PARENT_NODE_ID><ROOT_NODE_ID>ABY+dKdcHumKvKk/Az68vw==</ROOT_NODE_ID><MO_NAME/><ORDINAL_NUMBER>0</ORDINAL_NUMBER><NAME>CUSTOMER;COMMON;OBJECTID1</NAME><DATA_TYPE>String</DATA_TYPE><IS_COMPLEX/><ABAP_DT_NAME>OBJECTID1</ABAP_DT_NAME><BO_PATH>ass:CURRENT_COMMON/NODE_ID</BO_PATH><COMPLEX_TYPE_UUID/><IS_CODE_TYPE/><IS_CREATABLE/><IS_UPDATABLE/><IS_NULLABLE>X</IS_NULLABLE><IS_FILTERABLE>X</IS_FILTERABLE><HAS_FIXED_LENGTH>X</HAS_FIXED_LENGTH><MAX_LENGTH>70</MAX_LENGTH><PRECISION_VALUE>70</PRECISION_VALUE><SCALE>0</SCALE><DEFAULT_VALUE/><IS_HIDDEN_IN_EDM>X</IS_HIDDEN_IN_EDM><BO_PATH_WITH_FILTER/><IS_ALPHA_CONV_ALLOWED/><IS_LANGU_CODE/><CODELIST_ENTITY_SET_UUID/><IS_EXTENSION_FIELD/><IS_FREE_SEARCH_ENABLED/><IS_TRASIENT/><IS_INTERNAL/><IS_EXTERNAL/><LOCAL_ID_TYPE/><IS_PARENT_EXTERNAL_KEY/><IS_REF_EXTERNAL_KEY/><USE_EXTERNAL_INFO/><REF_EXT_KEY_UUID_KEY/><EXTERNAL_KEY_LEVEL_CODE/><EXCLUDE_FROM_SADL/><SAM_STATUS_VARIABLE_UUID/><UI_TEXT_KEY_NAME/><UI_TEXT_KEY_VERSION_ID>0000000000</UI_TEXT_KEY_VERSION_ID><UITXT_REDEF_IND/><CONCURRENCY_MODE/><INTERNAL_KEY_LEVEL_CODE/><CONTEXT_PROPERTY_UUID_UUID/><VERSION_ID>0000000000</VERSION_ID><IS_DATE_TYPE/><IS_ETAG_RELEVANT/><BO_NAME>CUSTOMER</BO_NAME><BO_NODE_NAME>COMMON</BO_NODE_NAME><BO_NODE_ELEMENT_PATH>NODE_ID</BO_NODE_ELEMENT_PATH><DO_PREFIX/><IS_DWB_PROP/><IS_MULTI_VALUED/><ENCRYPTED_MAX_LENGTH>0</ENCRYPTED_MAX_LENGTH></ODATA_EXTENSION_DEF_PR_001></PROPERTIES><NAVIGATIONS/><COMPLEX_TYPES/><COMPLEX_TYPE_PROPERTIES/><FUNCTION_IMPORTS/><FUNCTION_IMPORT_PARAMS/><ENTITY_SETS/><UITEXT_DESC><MDRS_W_UIT_TEXT><MO_NAME>CUSTOMER</MO_NAME><VERSION_ID>0000000000</VERSION_ID><LANGU>1</LANGU><DB_KEY>ABY+AQK2At2u7M4E+gEBYQ==</DB_KEY><PARENT_KEY>ABY+AQOOAt2tjNRF0buBQA==</PARENT_KEY><UUID>ABY+AQK2At2u7M4E+lTBYg==</UUID><SHORT_T>科目</SHORT_T><COLUMN_T/><TOOL_TIP_T/><HELP_T/></MDRS_W_UIT_TEXT><MDRS_W_UIT_TEXT><MO_NAME>CUSTOMER</MO_NAME><VERSION_ID>0000000000</VERSION_ID><LANGU>3</LANGU><DB_KEY>ABY+Ar1OHuSOxG2qYXuP8w==</DB_KEY><PARENT_KEY>ABY+AQOOAt2tjNRF0buBQA==</PARENT_KEY><UUID>ABY+Ar1OHuSOxG2qYXuv8w==</UUID><SHORT_T>계정</SHORT_T><COLUMN_T/><TOOL_TIP_T/><HELP_T/></MDRS_W_UIT_TEXT><MDRS_W_UIT_TEXT><MO_NAME>CUSTOMER</MO_NAME><VERSION_ID>0000000000</VERSION_ID><LANGU>B</LANGU><DB_KEY>ABY+HApLHuaT7t+fQAzImA==</DB_KEY><PARENT_KEY>ABY+AQOOAt2tjNRF0buBQA==</PARENT_KEY><UUID>ABY+HApLHuaT7t+fQAzomA==</UUID><SHORT_T>חשבון</SHORT_T><COLUMN_T/><TOOL_TIP_T/><HELP_T/></MDRS_W_UIT_TEXT><MDRS_W_UIT_TEXT><MO_NAME>CUSTOMER</MO_NAME><VERSION_ID>0000000000</VERSION_ID><LANGU>C</LANGU><DB_KEY>ABY+Ar1OHtGkjhiH1J6V8g==</DB_KEY><PARENT_KEY>ABY+AQOOAt2tjNRF0buBQA==</PARENT_KEY><UUID>ABY+Ar1OHtGkjhiH1J618g==</UUID><SHORT_T>Zákazník</SHORT_T><COLUMN_T/><TOOL_TIP_T/><HELP_T/></MDRS_W_UIT_TEXT><MDRS_W_UIT_TEXT><MO_NAME>CUSTOMER</MO_NAME><VERSION_ID>0000000000</VERSION_ID><LANGU>D</LANGU><DB_KEY>ABY+AQK2At2vpZFuT/ZACw==</DB_KEY><PARENT_KEY>ABY+AQOOAt2tjNRF0buBQA==</PARENT_KEY><UUID>ABY+AQK2At2vpZFuUEeADA==</UUID><SHORT_T>Kunde</SHORT_T><COLUMN_T/><TOOL_TIP_T/><HELP_T/></MDRS_W_UIT_TEXT><MDRS_W_UIT_TEXT><MO_NAME>CUSTOMER</MO_NAME><VERSION_ID>0000000000</VERSION_ID><LANGU>E</LANGU><DB_KEY>ABY+AQOOAt2tjNRF12vBQQ==</DB_KEY><PARENT_KEY>ABY+AQOOAt2tjNRF0buBQA==</PARENT_KEY><UUID>ABY+AQWmAt2q2rg8DD6IZw==</UUID><SHORT_T>Account</SHORT_T><COLUMN_T/><TOOL_TIP_T/><HELP_T/></MDRS_W_UIT_TEXT><MDRS_W_UIT_TEXT><MO_NAME>CUSTOMER</MO_NAME><VERSION_ID>0000000000</VERSION_ID><LANGU>F</LANGU><DB_KEY>ABY+AQK2At2u8fP9gyDA5Q==</DB_KEY><PARENT_KEY>ABY+AQOOAt2tjNRF0buBQA==</PARENT_KEY><UUID>ABY+AQK2At2u8fP9g3DA5g==</UUID><SHORT_T>Compte</SHORT_T><COLUMN_T/><TOOL_TIP_T/><HELP_T/></MDRS_W_UIT_TEXT><MDRS_W_UIT_TEXT><MO_NAME>CUSTOMER</MO_NAME><VERSION_ID>0000000000</VERSION_ID><LANGU>I</LANGU><DB_KEY>ABY+ARSdHe+u5q4ERyTERQ==</DB_KEY><PARENT_KEY>ABY+AQOOAt2tjNRF0buBQA==</PARENT_KEY><UUID>ABY+ARSdHe+u5q4ERyTkRQ==</UUID><SHORT_T>Cliente</SHORT_T><COLUMN_T/><TOOL_TIP_T/><HELP_T/></MDRS_W_UIT_TEXT><MDRS_W_UIT_TEXT><MO_NAME>CUSTOMER</MO_NAME><VERSION_ID>0000000000</VERSION_ID><LANGU>J</LANGU><DB_KEY>ABY+Ar1OHtKp6KNcVvCY9g==</DB_KEY><PARENT_KEY>ABY+AQOOAt2tjNRF0buBQA==</PARENT_KEY><UUID>ABY+Ar1OHtKp6KNcVvC49g==</UUID><SHORT_T>アカウント</SHORT_T><COLUMN_T/><TOOL_TIP_T/><HELP_T/></MDRS_W_UIT_TEXT><MDRS_W_UIT_TEXT><MO_NAME>CUSTOMER</MO_NAME><VERSION_ID>0000000000</VERSION_ID><LANGU>L</LANGU><DB_KEY>ABY+Ar1OHtGkjhhrUGmV8g==</DB_KEY><PARENT_KEY>ABY+AQOOAt2tjNRF0buBQA==</PARENT_KEY><UUID>ABY+Ar1OHtGkjhhrUGm18g==</UUID><SHORT_T>Aktywny klient</SHORT_T><COLUMN_T/><TOOL_TIP_T/><HELP_T/></MDRS_W_UIT_TEXT><MDRS_W_UIT_TEXT><MO_NAME>CUSTOMER</MO_NAME><VERSION_ID>0000000000</VERSION_ID><LANGU>N</LANGU><DB_KEY>ABY+Ar1OHuGfsWOD0UfeWw==</DB_KEY><PARENT_KEY>ABY+AQOOAt2tjNRF0buBQA==</PARENT_KEY><UUID>ABY+Ar1OHuGfsWOD0Uf+Ww==</UUID><SHORT_T>Klant</SHORT_T><COLUMN_T/><TOOL_TIP_T/><HELP_T/></MDRS_W_UIT_TEXT><MDRS_W_UIT_TEXT><MO_NAME>CUSTOMER</MO_NAME><VERSION_ID>0000000000</VERSION_ID><LANGU>P</LANGU><DB_KEY>ABY+ARSdHe+utA0+sj2WlQ==</DB_KEY><PARENT_KEY>ABY+AQOOAt2tjNRF0buBQA==</PARENT_KEY><UUID>ABY+ARSdHe+utA0+sj22lQ==</UUID><SHORT_T>Cliente</SHORT_T><COLUMN_T/><TOOL_TIP_T/><HELP_T/></MDRS_W_UIT_TEXT><MDRS_W_UIT_TEXT><MO_NAME>CUSTOMER</MO_NAME><VERSION_ID>0000000000</VERSION_ID><LANGU>R</LANGU><DB_KEY>ABY+Ar1OHtO14ysk5jPKaA==</DB_KEY><PARENT_KEY>ABY+AQOOAt2tjNRF0buBQA==</PARENT_KEY><UUID>ABY+Ar1OHtO14ysk5jPqaA==</UUID><SHORT_T>Клиент</SHORT_T><COLUMN_T/><TOOL_TIP_T/><HELP_T/></MDRS_W_UIT_TEXT><MDRS_W_UIT_TEXT><MO_NAME>CUSTOMER</MO_NAME><VERSION_ID>0000000000</VERSION_ID><LANGU>S</LANGU><DB_KEY>ABY+AQvgHe+qwrmXYy5SOg==</DB_KEY><PARENT_KEY>ABY+AQOOAt2tjNRF0buBQA==</PARENT_KEY><UUID>ABY+AQvgHe+qwrmXYy5yOg==</UUID><SHORT_T>Cliente</SHORT_T><COLUMN_T/><TOOL_TIP_T/><HELP_T/></MDRS_W_UIT_TEXT><MDRS_W_UIT_TEXT><MO_NAME>CUSTOMER</MO_NAME><VERSION_ID>0000000000</VERSION_ID><LANGU>T</LANGU><DB_KEY>ABY+Ar1OHuSW5IzbELvIuw==</DB_KEY><PARENT_KEY>ABY+AQOOAt2tjNRF0buBQA==</PARENT_KEY><UUID>ABY+Ar1OHuSW5IzbELvouw==</UUID><SHORT_T>Müşteri</SHORT_T><COLUMN_T/><TOOL_TIP_T/><HELP_T/></MDRS_W_UIT_TEXT><MDRS_W_UIT_TEXT><MO_NAME>CUSTOMER</MO_NAME><VERSION_ID>0000000000</VERSION_ID><LANGU>U</LANGU><DB_KEY>ABY+Ar1OHtO15AX2VVtL8g==</DB_KEY><PARENT_KEY>ABY+AQOOAt2tjNRF0buBQA==</PARENT_KEY><UUID>ABY+Ar1OHtO15AX2VVtr8g==</UUID><SHORT_T>Asiakas</SHORT_T><COLUMN_T/><TOOL_TIP_T/><HELP_T/></MDRS_W_UIT_TEXT><MDRS_W_UIT_TEXT><MO_NAME>CUSTOMER</MO_NAME><VERSION_ID>0000000000</VERSION_ID><LANGU>V</LANGU><DB_KEY>ABY+Ar1OHtO3kyWaZkKD2w==</DB_KEY><PARENT_KEY>ABY+AQOOAt2tjNRF0buBQA==</PARENT_KEY><UUID>ABY+Ar1OHtO3kyWaZkKj2w==</UUID><SHORT_T>Kund</SHORT_T><COLUMN_T/><TOOL_TIP_T/><HELP_T/></MDRS_W_UIT_TEXT><MDRS_W_UIT_TEXT><MO_NAME>ODATA_SVC_OBJECT_ID</MO_NAME><VERSION_ID>0000000000</VERSION_ID><LANGU>C</LANGU><DB_KEY>ABY+IdIdHuilgUb9enIAzw==</DB_KEY><PARENT_KEY>ABY+Emf1HtiLzSakkmkSRA==</PARENT_KEY><UUID>ABY+IdIdHuilgUb9enIgzw==</UUID><SHORT_T>ID objektu</SHORT_T><COLUMN_T>ID objektu</COLUMN_T><TOOL_TIP_T/><HELP_T/></MDRS_W_UIT_TEXT><MDRS_W_UIT_TEXT><MO_NAME>ODATA_SVC_OBJECT_ID</MO_NAME><VERSION_ID>0000000000</VERSION_ID><LANGU>E</LANGU><DB_KEY>ABY+Emf1HtiLzSakkmlSRA==</DB_KEY><PARENT_KEY>ABY+Emf1HtiLzSakkmkSRA==</PARENT_KEY><UUID>ABY+Emf1HtiLzSakkmmyRA==</UUID><SHORT_T>Object ID</SHORT_T><COLUMN_T>Object ID</COLUMN_T><TOOL_TIP_T/><HELP_T/></MDRS_W_UIT_TEXT><MDRS_W_UIT_TEXT><MO_NAME>ODATA_SVC_OBJECT_ID</MO_NAME><VERSION_ID>0000000000</VERSION_ID><LANGU>O</LANGU><DB_KEY>ABY+IdIdHtiTwNXhWKcJAg==</DB_KEY><PARENT_KEY>ABY+Emf1HtiLzSakkmkSRA==</PARENT_KEY><UUID>ABY+IdIdHtiTwNXhWKcpAg==</UUID><SHORT_T>Objekt-ID</SHORT_T><COLUMN_T>Objekt-ID</COLUMN_T><TOOL_TIP_T/><HELP_T/></MDRS_W_UIT_TEXT><MDRS_W_UIT_TEXT><MO_NAME>ODATA_SVC_OBJECT_ID</MO_NAME><VERSION_ID>0000000000</VERSION_ID><LANGU>R</LANGU><DB_KEY>ABY+IdIdHuilgXK3cRLA9w==</DB_KEY><PARENT_KEY>ABY+Emf1HtiLzSakkmkSRA==</PARENT_KEY><UUID>ABY+IdIdHuilgXK3cRLg9w==</UUID><SHORT_T>Ид. объекта</SHORT_T><COLUMN_T>Ид. объекта</COLUMN_T><TOOL_TIP_T/><HELP_T/></MDRS_W_UIT_TEXT><MDRS_W_UIT_TEXT><MO_NAME>ODATA_SVC_OBJECT_ID</MO_NAME><VERSION_ID>0000000000</VERSION_ID><LANGU>T</LANGU><DB_KEY>ABY+IdIdHuilgXrKnMIA+w==</DB_KEY><PARENT_KEY>ABY+Emf1HtiLzSakkmkSRA==</PARENT_KEY><UUID>ABY+IdIdHuilgXrKnMIg+w==</UUID><SHORT_T>Nesne Numarası</SHORT_T><COLUMN_T>Nesne Numarası</COLUMN_T><TOOL_TIP_T/><HELP_T/></MDRS_W_UIT_TEXT><MDRS_W_UIT_TEXT><MO_NAME>ODATA_SVC_OBJECT_ID</MO_NAME><VERSION_ID>0000000000</VERSION_ID><LANGU>U</LANGU><DB_KEY>ABY+IdIdHuilgUY+uerAzw==</DB_KEY><PARENT_KEY>ABY+Emf1HtiLzSakkmkSRA==</PARENT_KEY><UUID>ABY+IdIdHuilgUY+uergzw==</UUID><SHORT_T>Objektitunnus</SHORT_T><COLUMN_T>Objektitunnus</COLUMN_T><TOOL_TIP_T/><HELP_T/></MDRS_W_UIT_TEXT></UITEXT_DESC><CODELIST_METADTA/><INCLUDED_BO_NODE/><EXTERNAL_INFORMATION/></SERVICE></asx:values></asx:abap>